iter	CrossEntropy	Logloss
0	0.6234207793	0.6234207793
1	0.5729519212	0.5729518837
2	0.5368902193	0.5368902193
3	0.5107823173	0.5107823548
4	0.4914151219	0.4914151594
5	0.4771006151	0.4771005775
6	0.4663538946	0.4663539321
7	0.4578325957	0.4578326332
8	0.4510278973	0.4510279348
9	0.4455874319	0.4455873944
10	0.44119818	0.4411982175
11	0.4376178278	0.4376178278
12	0.4346129142	0.4346128766
13	0.4321480673	0.4321481048
14	0.4300185209	0.4300185209
15	0.4281945672	0.4281946047
16	0.4266425973	0.4266426349
17	0.4253012078	0.4253012078
18	0.4241840896	0.4241840521
19	0.4231470925	0.4231470925
20	0.4222863916	0.4222863165
21	0.4215955352	0.4215955728
22	0.4208653686	0.4208654061
23	0.4202658863	0.4202659238
24	0.4196613026	0.4196613401
25	0.4190969295	0.419096892
26	0.4185620016	0.4185620391
27	0.4181163846	0.4181163846
28	0.4177249694	0.4177249694
29	0.4173810417	0.4173810417
30	0.4170231602	0.4170231977
31	0.4166244681	0.4166244681
32	0.4162915682	0.4162915682
33	0.415925022	0.415925022
34	0.4156473366	0.4156472991
35	0.4153787286	0.4153787662
36	0.4151113585	0.415111321
37	0.4148708078	0.4148708454
38	0.4145402336	0.4145402336
39	0.4143223764	0.4143223764
40	0.4140548562	0.4140548187
41	0.4137688061	0.4137688436
42	0.4135127639	0.4135127639
43	0.4133039466	0.4133039841
44	0.4130725484	0.4130725484
45	0.4129183829	0.4129183454
46	0.4127185305	0.4127185305
47	0.4125573507	0.4125573507
48	0.4124173264	0.4124172889
49	0.4122826286	0.4122826286
50	0.412131989	0.412131989
51	0.4119778236	0.4119778236
52	0.41183086	0.4118308975
53	0.4116827711	0.4116827336
54	0.4115279305	0.4115279305
55	0.4113846429	0.4113846429
56	0.4112825036	0.4112824661
57	0.4111597339	0.4111596964
58	0.4110548563	0.4110548939
59	0.4109422518	0.4109422518
60	0.4108342234	0.4108342234
61	0.4107233443	0.4107234194
62	0.4106307325	0.410630695
63	0.4105218415	0.4105218415
64	0.410436394	0.410436319
65	0.4103470831	0.4103471206
66	0.410253421	0.410253346
67	0.4101871036	0.4101871411
68	0.4100680474	0.4100680474
69	0.4099686088	0.4099686838
70	0.4099100934	0.4099100934
71	0.4098236707	0.4098236707
72	0.4097267078	0.4097266328
73	0.4096412603	0.4096412228
74	0.4095529622	0.4095529622
75	0.4094753168	0.4094753543
76	0.4094219403	0.4094219403
77	0.409262786	0.409262786
78	0.4091801518	0.4091800768
79	0.4090267366	0.4090267366
80	0.4089785739	0.4089785739
81	0.4089348374	0.4089348374
82	0.4088712583	0.4088712208
83	0.4087853607	0.4087853982
84	0.4086820586	0.4086820586
85	0.4086367092	0.4086367092
86	0.408567391	0.4085673535
87	0.4084477721	0.4084478096
88	0.4083910197	0.4083909822
89	0.4083091732	0.4083091732
90	0.4082675373	0.4082675373
91	0.408151857	0.4081518945
92	0.408100581	0.4081006185
93	0.4080438286	0.4080438286
94	0.4080006173	0.4080005798
95	0.4079333996	0.4079333996
96	0.4078801732	0.4078801732
97	0.4078380496	0.4078380871
98	0.4077718447	0.4077718822
99	0.4077183932	0.4077184307
100	0.4076843718	0.4076843343
101	0.4075449852	0.4075449477
102	0.4074885329	0.4074886079
103	0.407365388	0.407365313
104	0.4072990331	0.4072990706
105	0.4072207876	0.4072207876
106	0.4071845906	0.4071845906
107	0.4071527822	0.4071527822
108	0.40710627	0.4071062325
109	0.4070103199	0.4070103199
110	0.4069563432	0.4069563807
111	0.406904167	0.406904167
112	0.4068731088	0.4068730338
113	0.4068304977	0.4068304977
114	0.4067236696	0.4067236696
115	0.4066544265	0.4066544265
116	0.406606864	0.4066068265
117	0.4065768936	0.4065769311
118	0.4064882578	0.4064882954
119	0.4064288798	0.4064288798
120	0.4063218642	0.4063218642
121	0.4062768524	0.4062768149
122	0.4061787641	0.4061788016
123	0.4061467682	0.4061467682
124	0.406101944	0.406102019
125	0.4060621085	0.406062146
126	0.4060176218	0.4060176218
127	0.4059829627	0.4059830002
128	0.4059311991	0.4059311616
129	0.4059067052	0.4059067427
130	0.4058684827	0.4058684452
131	0.4058477022	0.4058477022
132	0.405766681	0.4057666435
133	0.4057380234	0.4057380234
134	0.4057185933	0.4057185558
135	0.4056886605	0.4056886605
136	0.4056579774	0.4056580149
137	0.4055750057	0.4055750057
138	0.4055023116	0.4055023116
139	0.4054507731	0.4054507731
140	0.4054150637	0.4054150637
141	0.4053806296	0.4053805921
142	0.4053384311	0.4053384311
143	0.405269413	0.405269413
144	0.4052260516	0.4052260516
145	0.4051555331	0.4051554956
146	0.4050799132	0.4050799132
147	0.405063784	0.405063784
148	0.405017947	0.4050179095
149	0.4049968289	0.4049968289
150	0.4049189585	0.4049189585
151	0.4048364743	0.4048364368
152	0.4048077043	0.4048077793
153	0.4047696693	0.4047696693
154	0.4047445002	0.4047445002
155	0.4046462619	0.4046462994
156	0.4046117153	0.4046117153
157	0.4045874465	0.404587484
158	0.404560702	0.4045607395
159	0.4045345951	0.4045345951
160	0.4045074755	0.404507513
161	0.4044150887	0.4044151262
162	0.4043912325	0.4043912325
163	0.4043660634	0.4043661009
164	0.4043419445	0.4043419445
165	0.4043028593	0.4043028218
166	0.4042239761	0.4042240136
167	0.4042067591	0.4042067966
168	0.4041834279	0.4041834655
169	0.404113022	0.4041130595
170	0.4040841394	0.4040841394
171	0.4040603206	0.4040603206
172	0.40399119	0.4039912275
173	0.4039657583	0.4039657958
174	0.403903642	0.403903642
175	0.4038785104	0.4038785104
176	0.4038486526	0.4038486526
177	0.4038100174	0.4038100174
178	0.4037978642	0.4037979018
179	0.4037671812	0.4037671062
180	0.4037407743	0.4037407368
181	0.4037126419	0.4037126794
182	0.4036733691	0.4036733316
183	0.4036527012	0.4036527762
184	0.4036345089	0.4036345089
185	0.40358147	0.40358147
186	0.4035515746	0.4035515746
187	0.4035179658	0.4035179658
188	0.4034774927	0.4034775302
189	0.4034629013	0.4034629013
190	0.4034441089	0.4034440714
191	0.4033770788	0.4033771163
192	0.403366426	0.403366426
193	0.4033420071	0.4033419696
194	0.4032686003	0.4032685628
195	0.4032589978	0.4032590353
196	0.4032276396	0.4032276396
197	0.4032005575	0.403200595
198	0.4031906924	0.4031906924
199	0.403130114	0.403130114
200	0.4031077206	0.4031077206
201	0.4030909162	0.4030909162
202	0.4030791006	0.4030791006
203	0.4030622962	0.4030623337
204	0.40303874	0.4030387025
205	0.4030198351	0.4030198351
206	0.402970097	0.402970097
207	0.4029009288	0.4029009664
208	0.4028780478	0.4028780478
209	0.4028259842	0.4028259467
210	0.40280044	0.40280044
211	0.4027797345	0.4027797345
212	0.4027391864	0.4027392239
213	0.4027178058	0.4027178433
214	0.4026969878	0.4026969128
215	0.4026364469	0.4026364844
216	0.4025856586	0.4025856211
217	0.4025661535	0.4025661535
218	0.4025173907	0.4025173532
219	0.402482544	0.4024825065
220	0.4024646143	0.4024646143
221	0.4024433087	0.4024433463
222	0.4024284924	0.4024284924
223	0.4024106377	0.4024106377
224	0.4023459332	0.4023459332
225	0.4023358806	0.402335843
226	0.4023260905	0.402326053
227	0.4023057977	0.4023057977
228	0.4022618736	0.4022617986
229	0.4022206878	0.4022207628
230	0.4021974692	0.4021973942
231	0.4021813775	0.4021813775
232	0.4021379036	0.4021379036
233	0.4020888782	0.4020888407
234	0.4020400779	0.4020400404
235	0.4020117205	0.4020117205
236	0.4019561309	0.4019560934
237	0.4019218469	0.4019217719
238	0.401888088	0.4018880505
239	0.4018693331	0.4018693331
240	0.4018552294	0.4018552669
241	0.4018358368	0.4018357993
242	0.4018189199	0.4018189199
243	0.4017987396	0.4017987396
244	0.4017517773	0.4017517397
245	0.4017348978	0.4017348978
246	0.4016951749	0.4016952124
247	0.4016753697	0.4016753697
248	0.4016593155	0.4016593155
249	0.4016369221	0.4016369221
250	0.4016063141	0.4016063516
251	0.4015836956	0.4015837332
252	0.4015648282	0.4015647532
253	0.4015174533	0.4015174533
254	0.4015039122	0.4015039122
255	0.4014958101	0.4014958476
256	0.401465202	0.401465202
257	0.4014501981	0.4014501981
258	0.4014170394	0.4014169644
259	0.4014051863	0.4014050738
260	0.4013943835	0.401394421
261	0.4013726277	0.4013726277
262	0.4013327923	0.4013327923
263	0.4013149376	0.4013149376
264	0.4012944947	0.4012944947
265	0.4012739393	0.4012739393
266	0.4012548843	0.4012548468
267	0.4012400304	0.401240068
268	0.4012332787	0.4012332787
269	0.4012189874	0.4012189874
270	0.4011871041	0.4011871416
271	0.4011815901	0.4011815901
272	0.4011704497	0.4011704122
273	0.4011471561	0.4011471561
274	0.4011218369	0.4011218369
275	0.4011122344	0.4011122719
276	0.4010973805	0.401097418
277	0.4010608084	0.4010607709
278	0.4010208229	0.4010207854
279	0.4009895772	0.4009895772
280	0.400950792	0.4009507545
281	0.4009052551	0.4009051801
282	0.4008801235	0.400880086
283	0.4008622688	0.4008623063
284	0.4008300854	0.4008300478
285	0.4008044286	0.4008043911
286	0.4007806474	0.4007806099
287	0.4007674064	0.4007674064
288	0.4007545405	0.4007545405
289	0.4007197314	0.4007196939
290	0.4007108791	0.4007108416
291	0.4006939246	0.4006939246
292	0.4006814714	0.4006814338
293	0.4006662424	0.4006662424
294	0.400653339	0.4006533015
295	0.4006384101	0.4006384101
296	0.4006253566	0.4006253566
297	0.40060949	0.4006095275
298	0.4005744183	0.4005744183
299	0.4005608772	0.4005608772
300	0.4005478988	0.4005478988
301	0.4005395341	0.4005395341
302	0.4005305317	0.4005306068
303	0.400520179	0.4005201415
304	0.4005050626	0.400505025
305	0.4004910339	0.4004910714
306	0.4004779054	0.4004779429
307	0.4004525863	0.4004525863
308	0.4004277173	0.4004277548
309	0.4004026982	0.4004026607
310	0.4003693894	0.400369427
311	0.4003625627	0.4003625251
312	0.4003348804	0.4003349179
313	0.4003186761	0.4003186386
314	0.4003089611	0.4003089611
315	0.400291519	0.4002915565
316	0.4002589605	0.4002589605
317	0.4002387802	0.4002388177
318	0.4002278273	0.4002278273
319	0.4002099351	0.4002099726
320	0.400196244	0.400196244
321	0.4001509321	0.4001509696
322	0.4001410295	0.400140992
323	0.400118111	0.4001181485
324	0.4001026945	0.4001026569
325	0.4000893034	0.4000893034
326	0.4000605709	0.4000605709
327	0.4000392653	0.4000392278
328	0.4000257993	0.4000257993
329	0.4000092199	0.4000092574
330	0.399994216	0.399994216
331	0.3999671714	0.3999671714
332	0.3999559935	0.3999559935
333	0.3999432026	0.3999432401
334	0.399927636	0.399927636
335	0.3999132322	0.3999132322
336	0.3999020918	0.3999020543
337	0.3998830743	0.3998830368
338	0.3998712962	0.3998713712
339	0.3998431638	0.3998431638
340	0.3998213706	0.3998214081
341	0.3998068543	0.3998068543
342	0.3997842734	0.3997842734
343	0.3997478138	0.3997477763
344	0.3997364108	0.3997364108
345	0.3997220821	0.3997221196
346	0.3997109416	0.3997109791
347	0.3997014141	0.3997014516
348	0.3996888483	0.3996888483
349	0.3996802211	0.3996801461
350	0.3996681054	0.3996681804
351	0.3996604159	0.3996603784
352	0.3996493505	0.3996492755
353	0.3996364096	0.3996364096
354	0.3996145038	0.3996145038
355	0.3995998375	0.399599875
356	0.3995900474	0.3995900474
357	0.3995786444	0.3995786444
358	0.3995697546	0.3995697546
359	0.3995592143	0.3995592518
360	0.3995508871	0.3995508871
361	0.3995386964	0.3995387715
362	0.3995295065	0.399529544
363	0.3995183661	0.3995183286
364	0.3995055377	0.3995055002
365	0.3994944723	0.3994944723
366	0.3994861451	0.3994861451
367	0.399472454	0.3994725291
368	0.3994649146	0.3994649146
369	0.3994402706	0.3994403081
370	0.3994258293	0.3994258293
371	0.3994060241	0.3994060616
372	0.3993961215	0.3993961215
373	0.3993875318	0.3993875318
374	0.3993798047	0.3993798047
375	0.3993698646	0.3993699021
376	0.3993613124	0.3993613124
377	0.3993495718	0.3993495343
378	0.3993366309	0.3993366684
379	0.3993298791	0.3993298416
380	0.3993167132	0.3993166757
381	0.3992929319	0.3992928944
382	0.3992598858	0.3992598858
383	0.3992496456	0.3992496456
384	0.3992275898	0.3992275898
385	0.3992214757	0.3992215132
386	0.399194206	0.399194206
387	0.3991733881	0.3991733881
388	0.3991538454	0.3991538829
389	0.3991431176	0.3991430801
390	0.3991239501	0.3991239501
391	0.3991142725	0.3991142725
392	0.3990943173	0.3990943173
393	0.3990810013	0.3990810388
394	0.3990715863	0.3990715488
395	0.3990580828	0.3990580828
396	0.3990467173	0.3990466798
397	0.3990373398	0.3990373023
398	0.3990279624	0.3990279999
399	0.3990167845	0.3990167469
400	0.3990060191	0.3990060191
401	0.3989950663	0.3989950663
402	0.3989831006	0.3989831006
403	0.3989753361	0.3989752986
404	0.3989645708	0.3989646083
405	0.3989359132	0.3989359132
406	0.3989223347	0.3989223347
407	0.3989008415	0.398900804
408	0.3988871129	0.3988871504
409	0.3988659574	0.3988658824
410	0.3988580428	0.3988580428
411	0.3988500532	0.3988500907
412	0.398839663	0.3988396255
413	0.398815094	0.398815094
414	0.3988005777	0.3988005777
415	0.3987888746	0.3987887996
416	0.398778897	0.398778972
417	0.3987698947	0.3987699322
418	0.3987434502	0.3987433752
419	0.3987327974	0.3987328724
420	0.3987228948	0.3987228948
421	0.3987054527	0.3987053777
422	0.3986953251	0.3986953251
423	0.3986813339	0.3986813339
424	0.3986736444	0.3986736444
425	0.3986614162	0.3986614162
426	0.398651251	0.398651251
427	0.3986267196	0.3986267196
428	0.3986213932	0.3986213932
429	0.39859975	0.39859975
430	0.3985878594	0.3985878594
431	0.398572968	0.398572968
432	0.3985572514	0.3985572889
433	0.398550312	0.398550312
434	0.3985420224	0.3985420224
435	0.3985306569	0.3985306944
436	0.3985226673	0.3985227048
437	0.398513965	0.3985140025
438	0.3984975357	0.3984975732
439	0.3984880832	0.3984880832
440	0.3984762676	0.3984763051
441	0.3984668526	0.3984668151
442	0.3984549245	0.398454962
443	0.398439733	0.3984396955
444	0.3984144139	0.3984143764
445	0.3984031984	0.3984031984
446	0.3983853062	0.3983853062
447	0.3983773541	0.3983773541
448	0.3983692895	0.3983693645
449	0.3983588243	0.3983588618
450	0.3983527852	0.3983527852
451	0.3983435203	0.3983435203
452	0.3983267909	0.3983267158
453	0.398314	0.3983139625
454	0.3983028221	0.3983028596
455	0.3982963704	0.3982963704
456	0.398285455	0.398285455
457	0.3982735644	0.3982735644
458	0.3982671502	0.3982671502
459	0.3982572851	0.3982572476
460	0.398245357	0.3982453195
461	0.3982393929	0.3982393554
462	0.3982309532	0.3982309532
463	0.3982232262	0.3982232637
464	0.3982096851	0.3982096851
465	0.3982036836	0.3982036836
466	0.3981946062	0.3981946062
467	0.3981841034	0.3981841034
468	0.3981743509	0.3981743509
469	0.3981526327	0.3981526702
470	0.398146181	0.398146181
471	0.3981369911	0.3981370286
472	0.3981296766	0.3981296766
473	0.398121537	0.3981215745
474	0.3981126097	0.3981125721
475	0.3981036823	0.3981036823
476	0.3980846273	0.3980845898
477	0.3980557822	0.3980557822
478	0.3980411159	0.3980410784
479	0.3980187975	0.3980187975
480	0.3980095701	0.3980096076
481	0.3980043938	0.3980043938
482	0.3979954289	0.3979953914
483	0.397982563	0.3979826005
484	0.3979701848	0.3979701848
485	0.3979619701	0.3979619701
486	0.3979533429	0.3979534179
487	0.3979468537	0.3979468161
488	0.3979389016	0.3979389016
489	0.3979321123	0.3979321123
490	0.3979204092	0.3979204842
491	0.3979134699	0.3979134324
492	0.3979062305	0.397906268
493	0.3978970781	0.3978970781
494	0.3978900637	0.3978901013
495	0.3978843623	0.3978843623
496	0.3978730718	0.3978731468
497	0.3978550671	0.3978550296
498	0.3978477151	0.3978477151
499	0.3978306857	0.3978306857
500	0.3978210831	0.3978210831
501	0.3978131311	0.3978130935
502	0.3978042037	0.3978042412
503	0.3977871367	0.3977871742
504	0.3977777968	0.3977778343
505	0.3977647809	0.3977647434
506	0.3977538655	0.397753903
507	0.3977413747	0.3977414497
508	0.3977317722	0.3977317722
509	0.3977097164	0.3977097164
510	0.397696888	0.397696888
511	0.3976893486	0.3976893111
512	0.397672094	0.3976721316
513	0.3976600534	0.3976600534
514	0.397650826	0.3976507884
515	0.3976420111	0.3976419736
516	0.3976282825	0.3976282075
517	0.3976202179	0.3976202929
518	0.3976059642	0.3976059267
519	0.3975964742	0.3975964367
520	0.3975837959	0.3975838334
521	0.3975778318	0.3975777943
522	0.3975622277	0.3975622277
523	0.397550112	0.3975500745
524	0.3975435103	0.3975435478
525	0.3975379963	0.3975379213
526	0.3975209294	0.3975209669
527	0.3975122646	0.3975123396
528	0.3975042	0.3975041625
529	0.3974922718	0.3974922343
530	0.3974817691	0.3974818066
531	0.3974731043	0.3974731043
532	0.3974459472	0.3974460222
533	0.3974277174	0.3974276799
534	0.3974188276	0.3974188276
535	0.3974090375	0.3974090375
536	0.3974010854	0.3974010479
537	0.3973945962	0.3973946337
538	0.3973796673	0.3973797048
539	0.3973722028	0.3973722028
540	0.3973677017	0.3973676266
541	0.3973559611	0.3973559236
542	0.3973412947	0.3973412572
543	0.3973307545	0.397330792
544	0.3973123746	0.3973123746
545	0.3972989461	0.3972989461
546	0.3972848799	0.3972848799
547	0.3972703636	0.3972704011
548	0.3972595608	0.3972595233
549	0.3972440692	0.3972440317
550	0.3972373925	0.3972373925
551	0.397229778	0.3972298155
552	0.3972208131	0.3972208131
553	0.397212786	0.397212786
554	0.397201233	0.3972011955
555	0.397195644	0.3971956065
556	0.397191668	0.397191668
557	0.3971843535	0.397184316
558	0.3971771516	0.3971771516
559	0.3971655611	0.3971655236
560	0.3971551334	0.3971551709
561	0.3971412172	0.3971412922
562	0.3971361159	0.3971360409
563	0.3971275261	0.3971275261
564	0.3971171359	0.3971171359
565	0.397111697	0.397111697
566	0.3971018694	0.3971018694
567	0.3970961304	0.3970961679
568	0.3970853275	0.3970853275
569	0.3970744122	0.3970744122
570	0.3970633093	0.3970632718
571	0.3970559198	0.3970559198
572	0.397048943	0.397048943
573	0.3970406158	0.3970406158
574	0.3970359271	0.3970360021
575	0.3970286127	0.3970286502
576	0.3970208106	0.3970208106
577	0.3970137963	0.3970137588
578	0.3970048314	0.3970048314
579	0.3969911028	0.3969911028
580	0.3969829632	0.3969829632
581	0.3969749361	0.3969749361
582	0.3969660462	0.3969660837
583	0.3969569689	0.3969569689
584	0.3969484166	0.3969483791
585	0.3969409522	0.3969409522
586	0.3969310496	0.396931012
587	0.3969256106	0.3969255731
588	0.3969163457	0.3969163082
589	0.3969077935	0.3969077559
590	0.3969011917	0.3969011167
591	0.3968915892	0.3968915892
592	0.3968750098	0.3968750849
593	0.3968699835	0.3968699835
594	0.396863982	0.3968640195
595	0.396858393	0.3968583555
596	0.3968514537	0.3968514537
597	0.3968472526	0.3968472151
598	0.3968403508	0.3968403508
599	0.396833674	0.3968336365
600	0.3968296229	0.3968296229
601	0.3968197578	0.3968197203
602	0.3968044538	0.3968044913
603	0.3967966143	0.3967966143
604	0.3967891123	0.3967890373
605	0.3967824731	0.3967824731
606	0.3967759839	0.3967759839
607	0.3967695697	0.3967696447
608	0.3967633055	0.396763268
609	0.3967576415	0.3967575665
610	0.3967490143	0.3967490143
611	0.3967370486	0.3967371237
612	0.396724933	0.396724933
613	0.3967182937	0.3967183312
614	0.3967110918	0.3967111293
615	0.3967024271	0.3967024271
616	0.3966937998	0.3966937623
617	0.3966896362	0.3966895612
618	0.3966831845	0.3966831095
619	0.3966757951	0.3966757951
620	0.3966676554	0.3966675429
621	0.3966611662	0.3966611287
622	0.3966510011	0.3966510011
623	0.3966422613	0.3966422613
624	0.3966306707	0.3966306707
625	0.3966124784	0.3966124784
626	0.3966047139	0.3966046764
627	0.3965963117	0.3965963117
628	0.3965877595	0.3965877595
629	0.3965805951	0.3965805951
630	0.3965714427	0.3965714802
631	0.3965621402	0.3965621402
632	0.396553588	0.3965536255
633	0.3965433103	0.3965433103
634	0.3965311571	0.3965311946
635	0.3965251555	0.396525193
636	0.3965170534	0.3965170534
637	0.3965095514	0.3965095514
638	0.3965020495	0.396502012
639	0.3964938723	0.3964938348
640	0.3964893711	0.3964894086
641	0.3964782682	0.3964782682
642	0.3964679155	0.396467953
643	0.3964612763	0.3964612763
644	0.3964559874	0.3964559874
645	0.396452574	0.396452574
646	0.3964474351	0.3964474351
647	0.3964409459	0.3964409084
648	0.3964363322	0.3964363322
649	0.396425942	0.3964259045
650	0.3964194153	0.3964194528
651	0.3964096252	0.3964095877
652	0.3964018232	0.3964017856
653	0.396395409	0.396395409
654	0.3963816054	0.3963816054
655	0.3963750036	0.3963749661
656	0.3963638257	0.3963637882
657	0.3963588744	0.3963588744
658	0.3963389567	0.3963389191
659	0.3963280413	0.3963280038
660	0.3963137125	0.396313675
661	0.3963034348	0.3963034348
662	0.3962966456	0.3962966456
663	0.3962899313	0.3962899313
664	0.396286743	0.396286743
665	0.3962768404	0.3962768028
666	0.3962700886	0.3962700886
667	0.3962616489	0.3962616489
668	0.3962583855	0.3962583855
669	0.3962511461	0.3962511461
670	0.3962445444	0.3962445444
671	0.3962380552	0.3962380552
672	0.396224214	0.396224214
673	0.3962115732	0.3962116107
674	0.3962015956	0.3962015956
675	0.3961903051	0.3961902676
676	0.3961829532	0.3961829157
677	0.3961745885	0.396174626
678	0.3961662238	0.3961662238
679	0.3961569589	0.3961569589
680	0.3961470188	0.3961470188
681	0.3961399669	0.3961399294
682	0.3961358033	0.3961358033
683	0.3961318273	0.3961318273
684	0.3961263884	0.3961264259
685	0.3961186238	0.3961186613
686	0.3961156606	0.3961156981
687	0.3961104842	0.3961104842
688	0.396100244	0.396100244
689	0.3960934172	0.3960934172
690	0.396082877	0.3960828394
691	0.3960758626	0.3960758626
692	0.3960698235	0.3960698235
693	0.3960607461	0.3960607461
694	0.3960565075	0.39605647
695	0.3960518938	0.3960519313
696	0.3960470175	0.39604698
697	0.3960430415	0.3960430415
698	0.39603749	0.3960374525
699	0.3960320886	0.3960320511
700	0.3960252618	0.3960252618
701	0.3960137838	0.3960138213
702	0.3960083824	0.3960083824
703	0.3959988549	0.3959988549
704	0.3959928533	0.3959928533
705	0.3959814128	0.3959814128
706	0.3959752987	0.3959753362
707	0.3959689971	0.3959689971
708	0.395962883	0.3959628454
709	0.3959547433	0.3959547058
710	0.3959477665	0.3959477665
711	0.3959406771	0.3959406771
712	0.3959349381	0.3959349006
713	0.3959279238	0.3959279238
714	0.3959228975	0.395922935
715	0.3959159957	0.3959160332
716	0.3959066932	0.3959066932
717	0.3959012543	0.3959012543
718	0.3958958154	0.3958958154
719	0.3958917643	0.3958918018
720	0.3958839247	0.3958839247
721	0.3958779607	0.3958779607
722	0.3958672329	0.3958671578
723	0.3958623191	0.3958623566
724	0.3958553047	0.3958553422
725	0.395846715	0.395846715
726	0.3958400382	0.3958400382
727	0.3958318236	0.3958318986
728	0.3958255219	0.3958254469
729	0.3958190702	0.3958190702
730	0.395810668	0.395810668
731	0.3958052291	0.3958052666
732	0.3957937511	0.3957937136
733	0.3957894749	0.3957894374
734	0.3957816729	0.3957816729
735	0.3957773218	0.3957773593
736	0.3957694822	0.3957694822
737	0.3957638557	0.3957638557
738	0.3957571415	0.395757179
739	0.3957530154	0.3957529779
740	0.3957461886	0.3957461886
741	0.3957390617	0.3957390617
742	0.3957290841	0.3957290841
743	0.3957225574	0.3957225574
744	0.3957164058	0.3957164058
745	0.3957051153	0.3957051153
746	0.3956998639	0.3956999014
747	0.3956930746	0.3956930746
748	0.3956874482	0.3956874482
749	0.3956765328	0.3956765328
750	0.3956655799	0.3956655424
751	0.3956574778	0.3956574778
752	0.3956502009	0.3956502384
753	0.3956452871	0.3956452871
754	0.3956391355	0.395639098
755	0.3956317836	0.3956317836
756	0.3956253319	0.3956252568
757	0.3956132537	0.3956132537
758	0.395606727	0.3956067645
759	0.3955993375	0.3955993375
760	0.3955848963	0.3955848963
761	0.3955802075	0.3955802075
762	0.3955735308	0.3955735308
763	0.3955658788	0.3955658788
764	0.3955567264	0.3955567264
765	0.3955409722	0.3955409347
766	0.39553257	0.3955325325
767	0.3955278813	0.3955278438
768	0.395521242	0.3955212796
769	0.3955127648	0.3955127648
770	0.3955080386	0.3955080386
771	0.3954988112	0.3954988487
772	0.3954910091	0.3954910091
773	0.3954832071	0.3954832821
774	0.3954764178	0.3954764178
775	0.3954685032	0.3954685032
776	0.3954517738	0.3954517363
777	0.395444947	0.395444947
778	0.3954426589	0.3954426964
779	0.3954336566	0.3954336566
780	0.3954281051	0.3954281051
781	0.3954191778	0.3954191778
782	0.3954127636	0.3954127261
783	0.3954081874	0.3954082249
784	0.3954022233	0.3954022608
785	0.3953968969	0.3953968969
786	0.3953904077	0.3953904077
787	0.3953845937	0.3953845562
788	0.3953788922	0.3953788922
789	0.3953707526	0.3953707901
790	0.3953599497	0.3953599872
791	0.395351585	0.3953515475
792	0.3953432578	0.3953432578
793	0.3953347806	0.3953347806
794	0.3953328301	0.3953328301
795	0.3953254782	0.3953254032
796	0.3953181638	0.3953181638
797	0.3953153505	0.3953153505
798	0.395305898	0.395305898
799	0.3952985836	0.3952986211
800	0.3952926946	0.3952926946
801	0.3952794911	0.3952794536
802	0.3952736021	0.3952736021
803	0.3952671504	0.3952671129
804	0.3952626492	0.3952626492
805	0.3952519964	0.3952519964
806	0.3952472326	0.3952472326
807	0.3952401058	0.3952400683
808	0.3952344793	0.3952344793
809	0.3952290779	0.3952290404
810	0.3952209382	0.3952209382
811	0.3952094977	0.3952094602
812	0.3952023334	0.3952023709
813	0.3951952065	0.395195169
814	0.3951872919	0.3951873294
815	0.3951808402	0.3951808402
816	0.395176039	0.395176039
817	0.3951672241	0.3951672241
818	0.3951582218	0.3951581843
819	0.3951512825	0.3951512449
820	0.3951447557	0.3951447557
821	0.3951366536	0.3951366911
822	0.3951279888	0.3951280639
823	0.3951239753	0.3951239753
824	0.3951182363	0.3951182363
825	0.3951105843	0.3951106218
826	0.3951035699	0.3951035699
827	0.3950953928	0.3950954303
828	0.395090554	0.3950905165
829	0.3950833146	0.3950833146
830	0.3950774631	0.3950775006
831	0.3950702612	0.3950702612
832	0.3950642971	0.3950642221
833	0.3950545071	0.3950544695
834	0.3950488431	0.3950488431
835	0.3950415286	0.3950415286
836	0.3950354896	0.3950354521
837	0.3950299381	0.3950299756
838	0.3950235614	0.3950235239
839	0.3950186101	0.3950186852
840	0.3950097578	0.3950097953
841	0.3950035687	0.3950035312
842	0.3950006054	0.3950006054
843	0.3949943413	0.3949943788
844	0.3949867268	0.3949867268
845	0.3949811003	0.3949810628
846	0.3949757364	0.3949757739
847	0.3949700724	0.3949700724
848	0.3949642584	0.3949642959
849	0.394958932	0.3949588945
850	0.3949528929	0.3949529304
851	0.3949471914	0.3949471539
852	0.3949406272	0.3949405897
853	0.3949358259	0.3949358634
854	0.3949272362	0.3949272737
855	0.3949215722	0.3949215722
856	0.3949150079	0.3949149329
857	0.3949108819	0.3949108068
858	0.3949060056	0.3949059681
859	0.3949003041	0.3949003416
860	0.394892427	0.394892427
861	0.3948900264	0.3948899889
862	0.39488455	0.3948844749
863	0.3948817742	0.3948817742
864	0.3948757351	0.3948756601
865	0.3948689459	0.3948689459
866	0.3948648948	0.3948649323
867	0.3948578054	0.3948577304
868	0.3948515788	0.3948515788
869	0.3948432516	0.3948432516
870	0.3948368749	0.3948369124
871	0.3948305358	0.3948304983
872	0.3948247968	0.3948248343
873	0.3948201455	0.3948201455
874	0.3948162445	0.3948162445
875	0.3948093802	0.3948093802
876	0.3948006404	0.3948006404
877	0.3947921632	0.3947922007
878	0.3947855615	0.394785599
879	0.3947807602	0.3947807602
880	0.3947720579	0.3947720579
881	0.3947679318	0.3947679318
882	0.3947614426	0.3947614426
883	0.3947559287	0.3947559287
884	0.3947526278	0.3947526278
885	0.3947447883	0.3947447883
886	0.3947361985	0.3947361985
887	0.3947318474	0.3947318474
888	0.394724683	0.394724758
889	0.3947202193	0.3947202193
890	0.3947148554	0.3947148554
891	0.3947085538	0.3947085163
892	0.3947030398	0.3947030398
893	0.3946993263	0.3946993263
894	0.3946930997	0.3946930997
895	0.3946872857	0.3946872857
896	0.3946822218	0.3946822218
897	0.3946761077	0.3946761077
898	0.3946680431	0.3946680431
899	0.3946606537	0.3946606537
900	0.3946533393	0.3946534143
901	0.3946495133	0.3946494758
902	0.3946451621	0.3946451246
903	0.3946415237	0.3946414862
904	0.3946360097	0.3946358972
905	0.3946329339	0.3946329339
906	0.3946273074	0.3946273074
907	0.3946184551	0.3946184551
908	0.394612266	0.394612341
909	0.3946070146	0.3946070146
910	0.3946024384	0.3946024384
911	0.3945990625	0.3945990625
912	0.3945944863	0.3945944863
913	0.3945885973	0.3945885973
914	0.3945828958	0.3945829333
915	0.3945777944	0.3945777569
916	0.3945689046	0.3945689046
917	0.3945647785	0.394564741
918	0.3945579892	0.3945579517
919	0.3945537881	0.3945537881
920	0.3945464737	0.3945464737
921	0.3945396469	0.3945396844
922	0.394534358	0.3945343956
923	0.3945277563	0.3945277188
924	0.3945212671	0.3945211921
925	0.3945158282	0.3945158657
926	0.3945115896	0.3945116271
927	0.3945049503	0.3945049503
928	0.394500074	0.394500074
929	0.3944939224	0.3944938849
930	0.3944879209	0.3944878833
931	0.3944837198	0.3944836822
932	0.3944796687	0.3944796312
933	0.3944765179	0.3944765179
934	0.3944698786	0.3944698786
935	0.394461814	0.3944618515
936	0.3944516113	0.3944515363
937	0.3944458723	0.3944458348
938	0.3944422714	0.3944422714
939	0.3944352195	0.394435257
940	0.3944272674	0.3944273425
941	0.3944199155	0.394419953
942	0.3944147016	0.3944147391
943	0.3944082875	0.394408325
944	0.3944052492	0.3944051741
945	0.3943974846	0.3943974471
946	0.3943887823	0.3943887823
947	0.3943858941	0.3943859316
948	0.3943773418	0.3943773418
949	0.3943696523	0.3943696148
950	0.3943633507	0.3943633507
951	0.394355211	0.394355211
952	0.3943510474	0.3943510474
953	0.394345496	0.394345571
954	0.3943410323	0.3943410323
955	0.3943353308	0.3943353308
956	0.3943316924	0.3943316924
957	0.3943238153	0.3943238153
958	0.3943179637	0.3943178887
959	0.3943097116	0.3943097491
960	0.3943023597	0.3943023972
961	0.3942994714	0.3942994714
962	0.3942925696	0.3942925696
963	0.3942870556	0.3942870556
964	0.3942814292	0.3942814292
965	0.3942777157	0.3942777532
966	0.3942710014	0.3942710014
967	0.3942685258	0.3942685258
968	0.394263687	0.394263762
969	0.3942585482	0.3942585482
970	0.3942518339	0.3942517589
971	0.3942459073	0.3942458698
972	0.394236905	0.394236905
973	0.3942333415	0.394233304
974	0.394229478	0.394229478
975	0.394223814	0.3942237765
976	0.3942171748	0.3942171748
977	0.3942119234	0.3942119984
978	0.3942057343	0.3942057343
979	0.3941991701	0.3941991326
980	0.3941948564	0.3941947814
981	0.3941901302	0.3941901302
982	0.3941794399	0.3941794774
983	0.3941744886	0.3941745261
984	0.3941696873	0.3941696873
985	0.3941642109	0.3941642484
986	0.3941577592	0.3941577592
987	0.3941506323	0.3941506323
988	0.3941449683	0.3941449683
989	0.3941390418	0.3941390418
990	0.3941345031	0.3941344656
991	0.3941293267	0.3941293643
992	0.3941232877	0.3941232877
993	0.3941142853	0.3941143228
994	0.3941083962	0.3941084338
995	0.3941028073	0.3941027698
996	0.394096093	0.394096093
997	0.3940911792	0.3940911417
998	0.3940863405	0.3940863405
999	0.3940797387	0.3940797762
1000	0.3940782758	0.3940783134
1001	0.3940737372	0.3940737372
1002	0.3940687859	0.3940687859
1003	0.3940613964	0.3940613214
1004	0.3940553198	0.3940553198
1005	0.3940486806	0.3940487181
1006	0.394044442	0.3940443669
1007	0.3940389655	0.3940389655
1008	0.3940342393	0.3940342018
1009	0.3940302257	0.3940302632
1010	0.3940245993	0.3940245993
1011	0.3940172473	0.3940172473
1012	0.3940135339	0.3940134963
1013	0.3940055443	0.3940056193
1014	0.3939971796	0.3939971796
1015	0.3939861517	0.3939862267
1016	0.3939830383	0.3939830383
1017	0.3939800001	0.3939800001
1018	0.3939748612	0.3939748237
1019	0.3939700975	0.3939700975
1020	0.393964696	0.3939647335
1021	0.39396087	0.39396087
1022	0.3939541933	0.3939541933
1023	0.3939456785	0.3939456785
1024	0.39394159	0.39394159
1025	0.3939353258	0.3939353633
1026	0.3939315748	0.3939315373
1027	0.3939255733	0.3939256483
1028	0.3939179588	0.3939179213
1029	0.3939120697	0.3939120697
1030	0.3939089189	0.3939089564
1031	0.3939028048	0.3939027298
1032	0.3938933148	0.3938933148
1033	0.3938864505	0.3938864505
1034	0.3938816117	0.3938815742
1035	0.393877073	0.3938771105
1036	0.393871334	0.3938714091
1037	0.3938657451	0.3938657826
1038	0.3938613939	0.3938613564
1039	0.3938554674	0.3938554299
1040	0.3938504035	0.393850366
1041	0.3938406885	0.393840651
1042	0.3938379503	0.3938380253
1043	0.3938328864	0.3938328864
1044	0.3938269224	0.3938269224
1045	0.393823659	0.3938236965
1046	0.393817995	0.3938179575
1047	0.3938104556	0.3938104931
1048	0.3938051292	0.3938052042
1049	0.3938004029	0.3938004404
1050	0.3937968395	0.3937968395
1051	0.3937928634	0.3937928634
1052	0.3937874995	0.3937874995
1053	0.3937812729	0.3937812729
1054	0.3937714078	0.3937714078
1055	0.3937649936	0.3937649936
1056	0.3937583919	0.3937583919
1057	0.3937521653	0.3937521277
1058	0.3937438006	0.3937438381
1059	0.3937383241	0.3937383616
1060	0.3937323976	0.3937324351
1061	0.3937268086	0.3937268086
1062	0.3937196442	0.3937196442
1063	0.3937157432	0.3937157432
1064	0.3937101542	0.3937101917
1065	0.3937064408	0.3937064783
1066	0.3937031024	0.3937031399
1067	0.393695863	0.3936958255
1068	0.3936908367	0.3936908367
1069	0.3936871982	0.3936871607
1070	0.3936825095	0.393682547
1071	0.3936739572	0.3936739197
1072	0.3936675055	0.3936675055
1073	0.3936619541	0.3936619541
1074	0.3936562901	0.3936562901
1075	0.3936505886	0.3936505886
1076	0.3936394482	0.3936394482
1077	0.3936344594	0.3936344969
1078	0.3936286828	0.3936287204
1079	0.3936250819	0.3936250819
1080	0.3936182176	0.3936182176
1081	0.3936151418	0.3936151043
1082	0.3936099654	0.3936099654
1083	0.3936012256	0.3936012256
1084	0.3935961243	0.3935960868
1085	0.3935881722	0.3935881722
1086	0.3935830709	0.3935830709
1087	0.3935777445	0.3935777445
1088	0.3935728682	0.3935727932
1089	0.3935670917	0.3935671667
1090	0.3935596647	0.3935597022
1091	0.3935559888	0.3935559513
1092	0.3935505123	0.3935505498
1093	0.3935441732	0.3935441732
1094	0.3935377215	0.3935377215
1095	0.3935342331	0.3935342706
1096	0.393528419	0.393528419
1097	0.393522755	0.3935227175
1098	0.3935181038	0.3935180663
1099	0.3935155907	0.3935156282
1100	0.3935104893	0.3935104518
1101	0.3935058756	0.3935058756
1102	0.3935014495	0.393501487
1103	0.3934951103	0.3934951103
1104	0.3934876833	0.3934876833
1105	0.3934834822	0.3934834447
1106	0.3934776682	0.3934776682
1107	0.3934721918	0.3934721918
1108	0.3934666403	0.3934666028
1109	0.3934616515	0.3934616515
1110	0.3934568127	0.3934568127
1111	0.3934502485	0.3934502485
1112	0.393446535	0.393446535
1113	0.3934416963	0.3934417338
1114	0.3934382454	0.3934382454
1115	0.3934312685	0.3934312685
1116	0.3934265423	0.3934265423
1117	0.393423654	0.393423654
1118	0.3934203907	0.3934204282
1119	0.3934126637	0.3934126261
1120	0.39340835	0.3934083875
1121	0.3934029486	0.3934029486
1122	0.3933982599	0.3933982974
1123	0.3933925959	0.3933925584
1124	0.3933883198	0.3933883198
1125	0.3933808178	0.3933808553
1126	0.3933775544	0.3933775919
1127	0.3933732408	0.3933732783
1128	0.393368252	0.393368252
1129	0.3933622504	0.3933622504
1130	0.3933579743	0.3933579368
1131	0.3933487094	0.3933487469
1132	0.3933434205	0.393343383
1133	0.3933386567	0.3933386567
1134	0.3933338555	0.393333893
1135	0.3933281165	0.393328079
1136	0.3933193392	0.3933193017
1137	0.3933165259	0.3933165259
1138	0.3933108994	0.3933108994
1139	0.3933061732	0.3933062857
1140	0.3933005842	0.3933005842
1141	0.3932928572	0.3932928197
1142	0.3932874183	0.3932873808
1143	0.3932833672	0.3932833672
1144	0.3932783784	0.3932783784
1145	0.3932718517	0.3932719267
1146	0.3932649124	0.3932649124
1147	0.3932574854	0.3932574479
1148	0.3932522716	0.3932522716
1149	0.3932455573	0.3932455573
1150	0.3932404184	0.393240456
1151	0.3932372301	0.3932372301
1152	0.3932300657	0.3932301032
1153	0.393225452	0.393225452
1154	0.3932199756	0.3932199006
1155	0.3932180251	0.3932180251
1156	0.3932137489	0.3932137114
1157	0.3932110107	0.3932109732
1158	0.3932063595	0.393206397
1159	0.3932027586	0.3932026835
1160	0.3931965694	0.3931965694
1161	0.3931901553	0.3931901553
1162	0.3931855791	0.3931855791
1163	0.393179465	0.393179465
1164	0.3931734634	0.3931734259
1165	0.3931676869	0.3931677244
1166	0.3931647986	0.3931647611
1167	0.393160635	0.393160635
1168	0.3931544459	0.3931544834
1169	0.393151145	0.3931511075
1170	0.3931455561	0.3931455185
1171	0.393143568	0.3931435305
1172	0.3931390293	0.3931390668
1173	0.3931337405	0.393133778
1174	0.3931292768	0.3931292393
1175	0.3931191866	0.3931191491
1176	0.3931142728	0.3931142353
1177	0.3931085713	0.3931086089
1178	0.3931023072	0.3931023072
1179	0.3930969808	0.3930969808
1180	0.3930924046	0.3930924421
1181	0.3930872658	0.3930872658
1182	0.3930835898	0.3930835898
1183	0.3930801014	0.3930801389
1184	0.3930774757	0.3930775132
1185	0.3930714741	0.3930715116
1186	0.3930644598	0.3930644973
1187	0.3930595835	0.393059621
1188	0.3930532443	0.3930532443
1189	0.3930471302	0.3930470927
1190	0.393042404	0.393042404
1191	0.3930371151	0.3930370776
1192	0.3930293881	0.3930294256
1193	0.3930249994	0.3930248869
1194	0.3930197855	0.3930198231
1195	0.3930146092	0.3930146092
1196	0.3930090952	0.3930090952
1197	0.393004219	0.3930042565
1198	0.392998855	0.392998855
1199	0.3929914281	0.3929914656
1200	0.3929857266	0.3929856891
1201	0.3929789748	0.3929789748
1202	0.3929743611	0.3929743611
1203	0.3929674968	0.3929674593
1204	0.3929613452	0.3929613452
1205	0.3929533931	0.3929534306
1206	0.3929483668	0.3929484043
1207	0.3929422152	0.3929421777
1208	0.3929386142	0.3929385767
1209	0.3929312623	0.3929312998
1210	0.3929254858	0.3929255233
1211	0.3929231602	0.3929231227
1212	0.3929176837	0.3929175712
1213	0.3929131075	0.3929131075
1214	0.392910857	0.392910857
1215	0.3929070685	0.3929070685
1216	0.3929006918	0.3929006918
1217	0.3928951778	0.3928952153
1218	0.392890264	0.3928902265
1219	0.3928841875	0.3928841875
1220	0.3928800614	0.3928800614
1221	0.3928746975	0.392874735
1222	0.3928698587	0.3928698962
1223	0.39286532	0.3928653575
1224	0.3928617566	0.3928617941
1225	0.3928579681	0.3928579681
1226	0.3928538795	0.392853917
1227	0.3928508037	0.3928507662
1228	0.3928454023	0.3928454023
1229	0.3928431517	0.3928431517
1230	0.3928397758	0.3928397383
1231	0.3928356497	0.3928356497
1232	0.3928299107	0.3928299107
1233	0.3928266098	0.3928266474
1234	0.3928225963	0.3928225963
1235	0.3928181701	0.3928181701
1236	0.3928123561	0.3928123561
1237	0.3928094303	0.3928094303
1238	0.3928026786	0.3928026411
1239	0.3927981399	0.3927981399
1240	0.3927927385	0.3927927009
1241	0.3927879747	0.3927880122
1242	0.392783286	0.392783286
1243	0.3927786348	0.3927786348
1244	0.3927749213	0.3927748838
1245	0.3927704951	0.3927704951
1246	0.3927658439	0.3927658439
1247	0.3927599549	0.3927598798
1248	0.392754741	0.3927547035
1249	0.3927478017	0.3927478392
1250	0.3927449134	0.3927448759
1251	0.3927404497	0.3927404497
1252	0.3927372614	0.3927372614
1253	0.3927310348	0.3927310348
1254	0.3927286341	0.3927286341
1255	0.3927258209	0.3927258209
1256	0.3927221824	0.3927221824
1257	0.3927176813	0.3927176813
1258	0.3927121298	0.3927121298
1259	0.3927059782	0.3927060157
1260	0.3927020397	0.3927020397
1261	0.3926973134	0.3926972759
1262	0.3926921371	0.392692062
1263	0.3926857979	0.3926857979
1264	0.392680359	0.392680359
1265	0.3926775457	0.3926775457
1266	0.3926740948	0.3926740573
1267	0.3926681683	0.3926681683
1268	0.3926642297	0.3926642672
1269	0.3926589783	0.3926590159
1270	0.3926559401	0.3926559401
1271	0.3926507637	0.3926507637
1272	0.3926436743	0.3926436743
1273	0.3926379353	0.3926379353
1274	0.3926333591	0.3926333591
1275	0.392629008	0.3926289705
1276	0.3926244693	0.3926244693
1277	0.3926185427	0.3926185802
1278	0.3926149043	0.3926149418
1279	0.3926093153	0.3926092778
1280	0.3926054518	0.3926054893
1281	0.3925996753	0.3925996378
1282	0.3925926985	0.3925926985
1283	0.3925878222	0.3925878222
1284	0.3925847089	0.3925847464
1285	0.3925793074	0.3925793074
1286	0.3925761941	0.3925761941
1287	0.39257008	0.3925701175
1288	0.3925654663	0.3925654288
1289	0.3925622405	0.392562203
1290	0.3925573642	0.3925574017
1291	0.3925548885	0.3925548885
1292	0.3925482493	0.3925482493
1293	0.3925423227	0.3925423602
1294	0.3925360961	0.3925360961
1295	0.3925290818	0.3925290818
1296	0.3925235678	0.3925235303
1297	0.3925193292	0.3925192917
1298	0.3925110395	0.3925110395
1299	0.3925069134	0.3925068759
1300	0.3925022622	0.3925022622
1301	0.3924988488	0.3924988863
1302	0.3924896214	0.3924896589
1303	0.3924865831	0.3924865831
1304	0.3924798313	0.3924798313
1305	0.3924728545	0.392472892
1306	0.3924668529	0.3924668529
1307	0.3924615265	0.3924615265
1308	0.3924565752	0.3924565377
1309	0.3924532744	0.3924533119
1310	0.3924453598	0.3924453973
1311	0.3924419464	0.3924419464
1312	0.392438458	0.392438458
1313	0.3924345945	0.3924345194
1314	0.3924302058	0.3924302058
1315	0.3924242793	0.3924242793
1316	0.3924187278	0.3924187278
1317	0.3924131388	0.3924131388
1318	0.3924084501	0.3924084501
1319	0.3924064996	0.3924065371
1320	0.3924018109	0.3924018484
1321	0.3923980599	0.3923980224
1322	0.3923946465	0.3923947215
1323	0.3923904454	0.3923904454
1324	0.3923861693	0.3923862068
1325	0.3923824183	0.3923824558
1326	0.3923782172	0.3923782547
1327	0.3923724782	0.3923724406
1328	0.3923702651	0.3923702651
1329	0.3923654638	0.3923654638
1330	0.392358712	0.392358712
1331	0.3923533481	0.3923533481
1332	0.3923503473	0.3923503473
1333	0.3923444583	0.3923444583
1334	0.3923405198	0.3923404823
1335	0.3923366938	0.3923366938
1336	0.3923322676	0.3923322301
1337	0.3923272038	0.3923272413
1338	0.3923218024	0.3923218399
1339	0.3923181639	0.3923181639
1340	0.3923155007	0.3923155382
1341	0.3923098742	0.3923098742
1342	0.3923054856	0.3923055231
1343	0.3923002717	0.3923002717
1344	0.3922964832	0.3922964832
1345	0.3922917945	0.3922918695
1346	0.3922877434	0.3922877809
1347	0.3922809541	0.3922810292
1348	0.3922768656	0.3922768656
1349	0.3922698887	0.3922698137
1350	0.3922675631	0.3922676006
1351	0.3922611489	0.3922611489
1352	0.3922546597	0.3922546972
1353	0.3922489957	0.3922489957
1354	0.3922446821	0.3922446446
1355	0.3922408936	0.3922409311
1356	0.3922372927	0.3922372927
1357	0.3922317037	0.3922317037
1358	0.3922278402	0.3922278777
1359	0.3922220637	0.3922220262
1360	0.3922171499	0.3922171124
1361	0.3922102856	0.3922102481
1362	0.3922046216	0.3922045841
1363	0.3922000454	0.3922000829
1364	0.3921968196	0.3921968196
1365	0.3921918683	0.3921918307
1366	0.3921882673	0.3921882673
1367	0.3921818906	0.3921818906
1368	0.3921740886	0.3921741261
1369	0.3921694749	0.3921694374
1370	0.3921652738	0.3921652738
1371	0.3921617103	0.3921617103
1372	0.3921563089	0.3921563089
1373	0.3921532706	0.3921532331
1374	0.3921479442	0.3921479817
1375	0.3921422052	0.3921422052
1376	0.3921403672	0.3921404047
1377	0.3921351534	0.3921351909
1378	0.3921292643	0.3921292643
1379	0.3921227751	0.3921228501
1380	0.3921181989	0.3921181989
1381	0.3921112971	0.3921112596
1382	0.392107171	0.3921071335
1383	0.3921021072	0.3921020697
1384	0.3920974185	0.3920974185
1385	0.3920922421	0.3920922421
1386	0.3920885661	0.3920885286
1387	0.3920854153	0.3920854153
1388	0.3920814768	0.3920815143
1389	0.3920773882	0.3920773507
1390	0.3920719868	0.3920720243
1391	0.3920681233	0.3920681233
1392	0.392063322	0.392063322
1393	0.3920590084	0.3920589709
1394	0.392051769	0.3920518065
1395	0.3920469677	0.3920469677
1396	0.3920411162	0.3920411162
1397	0.3920372152	0.3920371777
1398	0.3920333517	0.3920333141
1399	0.3920289255	0.3920289255
1400	0.3920243118	0.3920243118
1401	0.3920220612	0.3920220237
1402	0.3920174475	0.3920174475
1403	0.3920126087	0.3920126087
1404	0.3920082201	0.3920082576
1405	0.3920054443	0.3920054443
1406	0.3920035688	0.3920035313
1407	0.3919940413	0.3919941164
1408	0.3919902153	0.3919902153
1409	0.3919856391	0.3919855641
1410	0.3919811004	0.3919811004
1411	0.3919756615	0.3919756615
1412	0.3919709728	0.3919709728
1413	0.3919657964	0.3919657589
1414	0.3919613328	0.3919613328
1415	0.3919546185	0.3919546185
1416	0.3919480918	0.3919480918
1417	0.391945016	0.3919450535
1418	0.3919410774	0.3919410399
1419	0.3919386768	0.3919386768
1420	0.3919333879	0.3919333879
1421	0.3919292618	0.3919292618
1422	0.3919273863	0.3919273863
1423	0.3919228101	0.3919227351
1424	0.3919197343	0.3919197343
1425	0.391914558	0.391914558
1426	0.3919102443	0.3919102068
1427	0.3919061558	0.3919061558
1428	0.3919002292	0.3919002667
1429	0.3918982412	0.3918983162
1430	0.3918924647	0.3918924647
1431	0.3918881135	0.391888151
1432	0.3918847376	0.3918847001
1433	0.3918811367	0.3918810992
1434	0.3918776483	0.3918776483
1435	0.3918691336	0.3918691336
1436	0.3918666204	0.3918665829
1437	0.3918635071	0.3918635446
1438	0.3918591934	0.3918591559
1439	0.3918543922	0.3918543922
1440	0.3918501911	0.3918502286
1441	0.3918461025	0.3918461025
1442	0.3918403635	0.3918403635
1443	0.3918353747	0.3918353747
1444	0.3918312111	0.3918312111
1445	0.3918237466	0.3918237466
1446	0.3918196956	0.3918196956
1447	0.3918085552	0.3918085176
1448	0.3918030412	0.3918030037
1449	0.3917988026	0.3917987651
1450	0.3917950141	0.3917950141
1451	0.3917911131	0.3917910756
1452	0.3917877372	0.3917877372
1453	0.3917828234	0.3917827859
1454	0.3917790724	0.3917791849
1455	0.3917755465	0.3917755465
1456	0.3917724707	0.3917725082
1457	0.3917683071	0.3917683071
1458	0.391762418	0.3917623055
1459	0.3917570916	0.3917570916
1460	0.3917522529	0.3917522529
1461	0.3917480893	0.3917480893
1462	0.3917417501	0.3917417501
1463	0.3917396871	0.3917396871
1464	0.3917336855	0.3917336855
1465	0.3917285467	0.3917285091
1466	0.3917235203	0.3917235203
1467	0.3917193567	0.3917193943
1468	0.3917177063	0.3917176688
1469	0.3917124924	0.3917124924
1470	0.3917100543	0.3917100918
1471	0.3917047654	0.3917048029
1472	0.3917006393	0.3917006768
1473	0.3916970009	0.3916970759
1474	0.3916935125	0.39169355
1475	0.3916904367	0.3916904367
1476	0.3916882986	0.3916882611
1477	0.3916815843	0.3916816218
1478	0.3916780959	0.3916780959
1479	0.3916735572	0.3916735572
1480	0.3916666179	0.3916666179
1481	0.3916608414	0.3916608039
1482	0.3916562277	0.3916562277
1483	0.3916503386	0.3916503761
1484	0.3916445621	0.3916445621
1485	0.39163661	0.39163661
1486	0.3916304209	0.3916303834
1487	0.3916258447	0.3916258447
1488	0.3916240067	0.3916240067
1489	0.391619243	0.3916192805
1490	0.3916171424	0.3916171049
1491	0.3916131289	0.3916130914
1492	0.3916094529	0.3916094154
1493	0.3916046892	0.3916046892
1494	0.3916000754	0.3916000754
1495	0.3915969246	0.3915969621
1496	0.3915894226	0.3915894602
1497	0.3915858967	0.3915858217
1498	0.3915797826	0.3915797826
1499	0.3915738185	0.3915738185
1500	0.3915692799	0.3915693174
1501	0.391566054	0.3915660165
1502	0.3915600524	0.3915600524
1503	0.3915551011	0.3915551011
1504	0.3915499623	0.3915499998
1505	0.3915424228	0.3915424228
1506	0.3915383342	0.3915383717
1507	0.3915337205	0.391533683
1508	0.3915309073	0.3915308323
1509	0.3915270063	0.3915270063
1510	0.3915232178	0.3915232178
1511	0.3915190542	0.3915190917
1512	0.3915120398	0.3915120398
1513	0.3915076137	0.3915075387
1514	0.3915042003	0.3915042003
1515	0.3915014621	0.3915014245
1516	0.391497411	0.391497411
1517	0.3914902841	0.3914902841
1518	0.3914863081	0.3914863456
1519	0.3914817694	0.3914817319
1520	0.3914749426	0.3914749051
1521	0.3914692786	0.3914692786
1522	0.3914619267	0.3914618892
1523	0.3914583632	0.3914583632
1524	0.3914549874	0.3914549123
1525	0.3914469603	0.3914469978
1526	0.3914417464	0.3914417464
1527	0.3914378454	0.3914378454
1528	0.3914353697	0.3914353322
1529	0.3914307935	0.391430831
1530	0.3914267424	0.3914267049
1531	0.3914229915	0.391422954
1532	0.3914201782	0.3914201782
1533	0.3914154145	0.3914154145
1534	0.3914131639	0.3914131264
1535	0.3914091503	0.3914091128
1536	0.391400373	0.391400373
1537	0.3913963595	0.391396397
1538	0.3913876572	0.3913876947
1539	0.3913839437	0.3913839062
1540	0.3913789549	0.3913788799
1541	0.3913693899	0.3913693899
1542	0.391367777	0.3913678145
1543	0.3913638009	0.3913637634
1544	0.3913571617	0.3913571617
1545	0.3913542359	0.3913542359
1546	0.3913498098	0.3913497722
1547	0.3913446334	0.3913445959
1548	0.3913373565	0.391337394
1549	0.3913338681	0.3913338681
1550	0.3913264786	0.3913264786
1551	0.3913215273	0.3913215648
1552	0.3913176263	0.3913176638
1553	0.3913137628	0.3913137628
1554	0.3913097117	0.3913097492
1555	0.3913043853	0.3913043103
1556	0.3912990589	0.3912990589
1557	0.3912948578	0.3912947828
1558	0.3912920071	0.3912920071
1559	0.3912873184	0.3912873184
1560	0.3912840175	0.391284055
1561	0.391280304	0.391280304
1562	0.3912767781	0.3912767406
1563	0.3912733272	0.3912732897
1564	0.3912703264	0.3912702514
1565	0.39126515	0.39126515
1566	0.3912596736	0.3912596736
1567	0.3912531844	0.3912531844
1568	0.3912503712	0.3912503712
1569	0.3912469203	0.3912469578
1570	0.391244107	0.391244107
1571	0.3912405811	0.3912406186
1572	0.3912375053	0.3912375053
1573	0.3912329291	0.3912329666
1574	0.3912290281	0.3912290281
1575	0.3912241143	0.3912241518
1576	0.3912140241	0.3912140241
1577	0.3912090728	0.3912090728
1578	0.3912019835	0.391202021
1579	0.3911961694	0.3911961694
1580	0.3911944815	0.3911944815
1581	0.3911894177	0.3911894177
1582	0.3911837912	0.3911837912
1583	0.3911792525	0.3911792525
1584	0.3911753515	0.3911753515
1585	0.3911736635	0.391173626
1586	0.3911690123	0.3911690123
1587	0.3911663866	0.3911663866
1588	0.3911634984	0.3911634609
1589	0.3911606101	0.3911606101
1590	0.3911552837	0.3911552462
1591	0.3911499573	0.3911499573
1592	0.3911462438	0.3911461688
1593	0.3911428679	0.3911428304
1594	0.3911381417	0.3911381417
1595	0.3911342782	0.3911342782
1596	0.3911299646	0.3911300771
1597	0.3911250883	0.3911250883
1598	0.3911199869	0.3911199869
1599	0.391118149	0.391118149
1600	0.3911100843	0.3911100843
1601	0.3911060333	0.3911060333
1602	0.3911003318	0.3911003318
1603	0.3910964683	0.3910964683
1604	0.3910924547	0.3910924172
1605	0.391087916	0.391087916
1606	0.3910842025	0.3910842025
1607	0.3910794388	0.3910794388
1608	0.391072762	0.3910728371
1609	0.3910690861	0.3910690861
1610	0.3910657477	0.3910657477
1611	0.391062972	0.3910629345
1612	0.3910585458	0.3910585083
1613	0.3910550574	0.3910550949
1614	0.3910509688	0.3910509688
1615	0.3910447797	0.3910447422
1616	0.3910375403	0.3910375028
1617	0.3910310886	0.3910310886
1618	0.3910264749	0.3910264749
1619	0.391023024	0.3910229865
1620	0.39101751	0.3910174725
1621	0.3910117335	0.3910117335
1622	0.3910057695	0.3910057695
1623	0.391001981	0.391001981
1624	0.3909986801	0.3909986426
1625	0.3909959794	0.3909959794
1626	0.390994554	0.3909945165
1627	0.3909894152	0.3909894152
1628	0.3909818382	0.3909818007
1629	0.3909793625	0.390979325
1630	0.3909746738	0.3909746738
1631	0.3909709228	0.3909708853
1632	0.3909663091	0.3909663466
1633	0.3909636084	0.3909636459
1634	0.3909573818	0.3909574193
1635	0.3909537058	0.3909536683
1636	0.3909489796	0.3909489796
1637	0.3909446659	0.3909446284
1638	0.3909396396	0.3909396771
1639	0.3909355885	0.3909355135
1640	0.3909319501	0.3909319501
1641	0.3909292119	0.3909292494
1642	0.390922085	0.3909221225
1643	0.3909186341	0.3909186341
1644	0.3909131577	0.3909132327
1645	0.3909062934	0.3909062934
1646	0.3909019047	0.3909019047
1647	0.3908963908	0.3908963532
1648	0.3908921146	0.3908921146
1649	0.3908871258	0.3908871258
1650	0.3908825871	0.3908825496
1651	0.3908754228	0.3908754228
1652	0.3908699838	0.3908699463
1653	0.3908652576	0.3908652201
1654	0.3908602313	0.3908602313
1655	0.3908585808	0.3908585808
1656	0.3908524667	0.3908525042
1657	0.3908478155	0.3908478155
1658	0.3908445897	0.3908445522
1659	0.3908406511	0.3908406511
1660	0.3908357748	0.3908357373
1661	0.3908323239	0.3908323615
1662	0.3908272226	0.3908272226
1663	0.3908214836	0.3908214836
1664	0.3908183703	0.3908184078
1665	0.3908136816	0.3908137191
1666	0.3908110559	0.3908110559
1667	0.3908075299	0.3908074924
1668	0.3908034789	0.3908035164
1669	0.3908002155	0.390800178
1670	0.3907978149	0.3907977774
1671	0.3907936138	0.3907936138
1672	0.3907897878	0.3907897878
1673	0.3907871621	0.3907871621
1674	0.3907816857	0.3907816857
1675	0.3907760967	0.3907760592
1676	0.3907740336	0.3907740336
1677	0.3907696075	0.3907696075
1678	0.3907655564	0.3907655564
1679	0.3907617679	0.3907617679
1680	0.3907579794	0.3907580169
1681	0.3907529156	0.3907529156
1682	0.3907503274	0.3907503274
1683	0.3907475517	0.3907475142
1684	0.3907439883	0.3907439883
1685	0.3907408749	0.3907408749
1686	0.3907361112	0.3907360737
1687	0.3907322102	0.3907321727
1688	0.3907266587	0.3907266212
1689	0.390724033	0.390724033
1690	0.3907171687	0.3907171312
1691	0.3907121799	0.3907121799
1692	0.3906999517	0.3906999892
1693	0.3906927123	0.3906927123
1694	0.3906870858	0.3906870858
1695	0.3906806341	0.3906806341
1696	0.3906768081	0.3906768081
1697	0.3906746326	0.390674595
1698	0.3906707315	0.3906706565
1699	0.3906655927	0.3906656302
1700	0.390662892	0.3906628545
1701	0.3906588784	0.3906589159
1702	0.3906549399	0.3906549024
1703	0.3906504012	0.3906504387
1704	0.390647738	0.390647738
1705	0.3906457875	0.39064575
1706	0.3906424866	0.3906424866
1707	0.3906373853	0.3906373478
1708	0.3906323965	0.3906323965
1709	0.3906262073	0.3906262073
1710	0.3906223063	0.3906223063
1711	0.3906190055	0.3906190055
1712	0.3906146543	0.3906146543
1713	0.3906101531	0.3906101906
1714	0.3906071148	0.3906071523
1715	0.3906023886	0.3906024636
1716	0.3905985626	0.3905985626
1717	0.3905946616	0.3905946241
1718	0.3905912857	0.3905913232
1719	0.3905882849	0.3905882849
1720	0.390585059	0.390584984
1721	0.3905801453	0.3905801453
1722	0.3905768819	0.3905768069
1723	0.3905741812	0.3905741812
1724	0.3905688923	0.3905688548
1725	0.3905644286	0.3905643536
1726	0.3905611653	0.3905611653
1727	0.3905543385	0.390554301
1728	0.3905499498	0.3905499123
1729	0.3905451111	0.3905451111
1730	0.3905422228	0.3905422603
1731	0.3905387719	0.3905387719
1732	0.3905343082	0.3905343082
1733	0.3905318326	0.3905317951
1734	0.3905264687	0.3905264312
1735	0.3905202045	0.390520242
1736	0.3905158909	0.3905159284
1737	0.3905127401	0.3905127401
1738	0.3905057257	0.3905057257
1739	0.3905018622	0.3905018247
1740	0.3904984113	0.3904984488
1741	0.3904939476	0.3904938726
1742	0.3904918846	0.3904919596
1743	0.3904883587	0.3904883587
1744	0.3904824696	0.3904824696
1745	0.3904786436	0.3904786436
1746	0.3904753052	0.3904752677
1747	0.3904716293	0.3904715918
1748	0.3904663779	0.3904663779
1749	0.3904643149	0.3904643149
1750	0.3904588759	0.390458951
1751	0.3904545998	0.3904545998
1752	0.3904502487	0.3904502112
1753	0.3904453349	0.3904453349
1754	0.3904397459	0.3904397459
1755	0.3904349822	0.3904349822
1756	0.3904298058	0.3904297308
1757	0.3904257922	0.3904258298
1758	0.3904222288	0.3904221913
1759	0.3904177651	0.3904177276
1760	0.3904124763	0.3904124387
1761	0.3904080126	0.3904080126
1762	0.3904024611	0.3904024986
1763	0.3903990477	0.3903990477
1764	0.3903954093	0.3903954468
1765	0.3903922209	0.3903921834
1766	0.390388545	0.390388545
1767	0.3903845689	0.3903845689
1768	0.390380968	0.3903810055
1769	0.3903769919	0.3903769544
1770	0.3903720406	0.3903720782
1771	0.3903687398	0.3903687398
1772	0.3903637885	0.3903637885
1773	0.3903607127	0.3903607127
1774	0.3903553113	0.3903553488
1775	0.3903502474	0.3903502849
1776	0.3903467215	0.3903467215
1777	0.3903428955	0.390342933
1778	0.3903397072	0.3903396696
1779	0.3903326928	0.3903326928
1780	0.3903295045	0.3903295045
1781	0.3903253034	0.3903252284
1782	0.3903206146	0.3903206146
1783	0.3903164135	0.3903164135
1784	0.390310412	0.3903103745
1785	0.3903057607	0.3903057983
1786	0.3903024224	0.3903024224
1787	0.3902985589	0.3902985589
1788	0.390295483	0.390295483
1789	0.3902907193	0.3902907193
1790	0.3902870808	0.3902870433
1791	0.3902813418	0.3902813418
1792	0.3902771782	0.3902771782
1793	0.390274515	0.3902744775
1794	0.3902715893	0.3902715143
1795	0.3902673507	0.3902673132
1796	0.3902646875	0.3902646875
1797	0.3902604864	0.3902605614
1798	0.3902546348	0.3902546348
1799	0.390249421	0.390249421
1800	0.3902443196	0.3902442446
1801	0.3902420315	0.3902420315
1802	0.3902374928	0.3902374928
1803	0.3902335543	0.3902335168
1804	0.3902315663	0.3902316038
1805	0.3902237267	0.3902237267
1806	0.3902174626	0.3902174251
1807	0.3902131114	0.3902130739
1808	0.390211311	0.390211311
1809	0.3902066972	0.3902066597
1810	0.3902035839	0.3902035839
1811	0.390200133	0.390200208
1812	0.3901953693	0.3901953693
1813	0.3901919184	0.3901919184
1814	0.390186667	0.390186667
1815	0.3901801028	0.3901801403
1816	0.3901741012	0.3901741387
1817	0.3901713255	0.3901712504
1818	0.3901697125	0.3901697125
1819	0.3901662616	0.3901662991
1820	0.3901618355	0.3901618355
1821	0.3901498698	0.3901498323
1822	0.3901464189	0.3901464189
1823	0.3901439433	0.3901439808
1824	0.3901406424	0.3901406799
1825	0.390138992	0.390138992
1826	0.3901349409	0.3901349034
1827	0.3901306273	0.3901307023
1828	0.3901277765	0.390127739
1829	0.3901226002	0.3901226002
1830	0.3901189617	0.3901189242
1831	0.3901144981	0.3901145356
1832	0.39011251	0.390112585
1833	0.390106546	0.3901065835
1834	0.3901039203	0.3901039578
1835	0.3900992315	0.3900991565
1836	0.3900948429	0.3900948804
1837	0.390087566	0.390087566
1838	0.3900841526	0.3900841526
1839	0.3900796514	0.3900796139
1840	0.3900774758	0.3900775133
1841	0.3900740999	0.3900740999
1842	0.3900689986	0.3900689986
1843	0.3900651351	0.3900651351
1844	0.3900605589	0.3900606714
1845	0.390057108	0.390057108
1846	0.3900524943	0.3900525693
1847	0.3900484807	0.3900485182
1848	0.3900431543	0.3900431168
1849	0.3900408662	0.3900408287
1850	0.3900373403	0.3900373028
1851	0.3900313012	0.3900313762
1852	0.3900270626	0.3900270626
1853	0.3900251121	0.3900251121
1854	0.3900224864	0.3900224489
1855	0.390015322	0.3900152845
1856	0.390011496	0.390011496
1857	0.3900081952	0.3900081576
1858	0.3900052319	0.3900051944
1859	0.3900010683	0.3900010683
1860	0.3899959669	0.3899959669
1861	0.3899928911	0.3899928536
1862	0.3899901154	0.3899900779
1863	0.3899849015	0.389984789
1864	0.3899816007	0.3899816382
1865	0.3899762743	0.3899763118
1866	0.389971548	0.389971548
1867	0.3899687348	0.3899687348
1868	0.3899629208	0.3899629583
1869	0.389958232	0.3899582695
1870	0.3899532807	0.3899533182
1871	0.3899499799	0.3899499799
1872	0.3899454787	0.3899455162
1873	0.3899430406	0.3899429655
1874	0.3899385019	0.3899385019
1875	0.389933138	0.389933138
1876	0.3899291994	0.3899292369
1877	0.3899260111	0.3899259736
1878	0.3899243231	0.3899243231
1879	0.3899215849	0.3899215849
1880	0.3899174963	0.3899174963
1881	0.3899137454	0.3899137454
1882	0.389910557	0.3899105195
1883	0.3899090191	0.3899090191
1884	0.3899018923	0.3899018923
1885	0.3898973536	0.3898973536
1886	0.3898941652	0.3898941652
1887	0.3898911269	0.3898910894
1888	0.3898876385	0.389887676
1889	0.3898846002	0.3898846752
1890	0.3898820871	0.3898820871
1891	0.3898783736	0.3898783736
1892	0.3898713967	0.3898713967
1893	0.3898681334	0.3898681334
1894	0.3898657703	0.3898657328
1895	0.3898613066	0.3898613066
1896	0.389857143	0.3898571055
1897	0.3898544048	0.3898544048
1898	0.3898505788	0.3898506163
1899	0.3898459276	0.3898459276
1900	0.3898416514	0.3898416139
1901	0.3898372253	0.3898373003
1902	0.389832274	0.389832274
1903	0.3898272852	0.3898272477
1904	0.3898207209	0.3898207209
1905	0.3898148319	0.3898148319
1906	0.3898102932	0.3898103307
1907	0.3898061296	0.3898061296
1908	0.3898020786	0.3898021161
1909	0.3897983651	0.3897984026
1910	0.3897940514	0.3897940139
1911	0.3897915008	0.3897915008
1912	0.3897878998	0.3897878623
1913	0.3897859493	0.3897859493
1914	0.3897817857	0.3897817857
1915	0.3897787099	0.3897787474
1916	0.3897737586	0.3897737586
1917	0.389767682	0.389767682
1918	0.3897626557	0.3897626932
1919	0.3897592798	0.3897593173
1920	0.3897579295	0.389757892
1921	0.3897526781	0.3897526406
1922	0.3897492272	0.3897492647
1923	0.3897458888	0.3897458888
1924	0.3897429255	0.389742963
1925	0.3897409	0.3897409
1926	0.3897386494	0.3897386869
1927	0.3897332855	0.3897332855
1928	0.3897283342	0.3897283342
1929	0.389723833	0.389723908
1930	0.3897201571	0.3897201571
1931	0.3897150182	0.3897150182
1932	0.3897119424	0.3897119799
1933	0.3897046655	0.389704703
1934	0.3897005394	0.3897005394
1935	0.3896981763	0.3896981763
1936	0.3896945378	0.3896945378
1937	0.3896887988	0.3896887613
1938	0.3896852729	0.3896853104
1939	0.3896842226	0.3896842226
1940	0.389679984	0.389679984
1941	0.3896738699	0.3896738324
1942	0.389670419	0.389670419
1943	0.3896669306	0.3896668931
1944	0.3896643424	0.3896643424
1945	0.3896602538	0.3896602913
1946	0.3896528269	0.3896528269
1947	0.3896489634	0.3896490009
1948	0.3896447998	0.3896447998
1949	0.3896403736	0.3896403736
1950	0.3896365476	0.3896366601
1951	0.3896341095	0.389634147
1952	0.3896302835	0.3896302835
1953	0.3896260449	0.3896260824
1954	0.3896224439	0.3896224439
1955	0.38961693	0.3896169675
1956	0.389613104	0.3896130289
1957	0.3896072899	0.3896072899
1958	0.3896048518	0.3896048893
1959	0.3896003881	0.3896003881
1960	0.3895953993	0.3895954368
1961	0.3895920234	0.3895919859
1962	0.3895866595	0.389586622
1963	0.3895813706	0.3895813331
1964	0.3895779197	0.3895778822
1965	0.3895745063	0.3895745063
1966	0.3895666668	0.3895666668
1967	0.3895631033	0.3895631033
1968	0.3895599525	0.38955999
1969	0.3895551137	0.3895551512
1970	0.3895508751	0.3895509501
1971	0.3895474242	0.3895474617
1972	0.3895443109	0.3895443859
1973	0.3895359837	0.3895360212
1974	0.3895335456	0.3895335831
1975	0.3895309574	0.3895309574
1976	0.3895271689	0.3895271314
1977	0.3895246557	0.3895246182
1978	0.3895195919	0.3895195169
1979	0.3895160285	0.389516066
1980	0.3895092767	0.3895092767
1981	0.3895041379	0.3895041754
1982	0.3895000493	0.3895000493
1983	0.38949341	0.3894934851
1984	0.3894911219	0.3894911219
1985	0.3894877836	0.3894878211
1986	0.3894839576	0.3894839951
1987	0.389479719	0.3894797565
1988	0.3894745051	0.3894745051
1989	0.3894704915	0.3894704915
1990	0.3894677908	0.3894677908
1991	0.3894625394	0.3894625394
1992	0.3894599138	0.3894599513
1993	0.3894568379	0.3894568755
1994	0.389451174	0.389451174
1995	0.389445735	0.38944566
1996	0.3894408963	0.3894408588
1997	0.3894380455	0.389438008
1998	0.3894348572	0.3894348572
1999	0.3894262299	0.3894262674
2000	0.3894240543	0.3894240919
2001	0.3894195532	0.3894195157
2002	0.3894139267	0.3894139642
2003	0.3894115261	0.3894115261
2004	0.3894067998	0.3894068373
2005	0.3894028238	0.3894027863
2006	0.3893983601	0.3893983601
2007	0.3893942715	0.389394234
2008	0.389390183	0.3893901079
2009	0.389384669	0.389384669
2010	0.3893820808	0.3893820808
2011	0.3893763793	0.3893763793
2012	0.3893706403	0.3893706028
2013	0.3893662142	0.3893661767
2014	0.3893611128	0.3893610753
2015	0.3893582996	0.3893582246
2016	0.3893555614	0.3893555239
2017	0.3893525231	0.3893525231
2018	0.389350385	0.3893504225
2019	0.3893451711	0.3893451711
2020	0.389342733	0.389342733
2021	0.3893406324	0.3893406324
2022	0.3893357562	0.3893357562
2023	0.3893301672	0.3893301297
2024	0.3893281042	0.3893281042
2025	0.3893224027	0.3893224402
2026	0.3893177514	0.3893177514
2027	0.3893152758	0.3893152758
2028	0.3893107746	0.3893108121
2029	0.3893069861	0.3893069486
2030	0.3893030851	0.3893030476
2031	0.3892986589	0.3892986214
2032	0.3892948704	0.3892948704
2033	0.389291307	0.389291307
2034	0.3892885313	0.3892884938
2035	0.3892844427	0.3892844427
2036	0.3892801666	0.3892801666
2037	0.3892772783	0.3892772783
2038	0.3892748402	0.3892748027
2039	0.389270189	0.389270189
2040	0.3892646	0.3892646
2041	0.3892600238	0.3892600613
2042	0.3892548474	0.3892548474
2043	0.3892517341	0.3892516966
2044	0.3892471204	0.3892471204
2045	0.3892410063	0.3892410438
2046	0.3892367302	0.3892367677
2047	0.3892339169	0.3892338794
2048	0.3892308786	0.3892309537
2049	0.3892257398	0.3892257773
2050	0.389220676	0.389220676
2051	0.3892190255	0.3892190255
2052	0.3892135866	0.3892135866
2053	0.3892103232	0.3892103232
2054	0.3892049969	0.3892049593
2055	0.389199858	0.389199858
2056	0.3891951693	0.3891951693
2057	0.3891909307	0.3891908556
2058	0.3891878173	0.3891877423
2059	0.3891835037	0.3891834287
2060	0.3891793776	0.3891794151
2061	0.3891739762	0.3891739387
2062	0.3891707504	0.3891707129
2063	0.3891691374	0.3891691374
2064	0.3891648238	0.3891648613
2065	0.3891621606	0.3891621981
2066	0.3891556339	0.3891556339
2067	0.3891505326	0.3891505326
2068	0.3891449811	0.3891450561
2069	0.3891421304	0.3891421304
2070	0.389139017	0.3891389795
2071	0.3891347784	0.3891347784
2072	0.38913114	0.3891311025
2073	0.3891267138	0.3891267138
2074	0.3891232629	0.3891232629
2075	0.3891210873	0.3891210498
2076	0.3891172988	0.3891172988
2077	0.3891134353	0.3891133978
2078	0.3891106971	0.3891106971
2079	0.3891070211	0.3891070211
2080	0.3891037203	0.3891037953
2081	0.3891000818	0.3891000818
2082	0.3890973436	0.3890973436
2083	0.38909333	0.3890932925
2084	0.3890897291	0.3890897291
2085	0.3890857155	0.3890857531
2086	0.3890829023	0.3890828648
2087	0.3890800516	0.3890800516
2088	0.3890770883	0.3890771633
2089	0.3890740125	0.389073975
2090	0.3890711992	0.3890711992
2091	0.389066548	0.3890665855
2092	0.3890611841	0.3890612216
2093	0.3890573206	0.3890572456
2094	0.3890516941	0.3890517316
2095	0.3890490684	0.3890491059
2096	0.3890461802	0.3890461427
2097	0.3890414914	0.3890415289
2098	0.3890382656	0.3890382656
2099	0.3890323015	0.3890322265
2100	0.3890297509	0.3890297509
2101	0.3890248746	0.3890248746
2102	0.3890217988	0.3890217988
2103	0.3890184604	0.3890184604
2104	0.3890145219	0.3890145594
2105	0.3890111835	0.3890111835
2106	0.38900762	0.389007545
2107	0.3890034565	0.3890034189
2108	0.3889982426	0.3889982426
2109	0.3889943791	0.3889943791
2110	0.3889904405	0.388990403
2111	0.388988265	0.3889883025
2112	0.3889805379	0.3889805379
2113	0.3889743113	0.3889743863
2114	0.3889701102	0.3889701102
2115	0.3889647463	0.3889647463
2116	0.3889620456	0.3889619706
2117	0.3889591198	0.3889591198
2118	0.3889559315	0.3889559315
2119	0.3889520305	0.388952068
2120	0.3889474543	0.3889474167
2121	0.3889428781	0.3889428781
2122	0.3889396897	0.3889396897
2123	0.3889345884	0.3889345884
2124	0.3889307999	0.3889307624
2125	0.3889273865	0.3889273865
2126	0.3889239731	0.3889239731
2127	0.3889201846	0.3889201846
2128	0.3889142956	0.3889143331
2129	0.3889106946	0.3889106946
2130	0.3889057433	0.3889057058
2131	0.3889004919	0.3889005294
2132	0.3888972661	0.3888972661
2133	0.3888946029	0.3888946029
2134	0.3888912645	0.388891227
2135	0.388889164	0.3888891265
2136	0.388885413	0.388885413
2137	0.3888825997	0.3888826372
2138	0.3888783986	0.3888783986
2139	0.3888725096	0.3888725096
2140	0.3888711217	0.3888711592
2141	0.3888651577	0.3888651577
2142	0.388862682	0.3888626445
2143	0.3888585934	0.3888585934
2144	0.3888539422	0.3888539422
2145	0.3888492535	0.388849291
2146	0.3888466278	0.3888466278
2147	0.3888429893	0.3888429893
2148	0.3888393509	0.3888393509
2149	0.3888341745	0.3888340995
2150	0.3888276103	0.3888276478
2151	0.3888238593	0.3888238968
2152	0.3888216087	0.3888216462
2153	0.3888193957	0.3888194332
2154	0.3888163574	0.3888163574
2155	0.3888126064	0.3888126064
2156	0.3888080302	0.3888080302
2157	0.3888042417	0.3888042417
2158	0.3888021786	0.3888021786
2159	0.3887999656	0.3887999656
2160	0.3887926886	0.3887926886
2161	0.3887880749	0.3887880749
2162	0.3887839488	0.3887839488
2163	0.3887809856	0.3887810231
2164	0.3887750965	0.388775134
2165	0.3887741213	0.3887742338
2166	0.3887714581	0.3887715331
2167	0.388769395	0.388769395
2168	0.388767257	0.3887672945
2169	0.3887631684	0.3887631309
2170	0.3887580671	0.3887581046
2171	0.3887524406	0.3887524781
2172	0.3887474143	0.3887473767
2173	0.3887430256	0.3887430256
2174	0.3887392746	0.3887392746
2175	0.3887364614	0.3887364614
2176	0.3887335356	0.3887335731
2177	0.3887309849	0.3887310225
2178	0.3887280967	0.3887280967
2179	0.3887238581	0.3887238206
2180	0.3887174064	0.3887174439
2181	0.3887110297	0.3887111047
2182	0.388706491	0.388706491
2183	0.3887013147	0.3887012396
2184	0.3886981263	0.3886980888
2185	0.3886947879	0.3886948255
2186	0.3886859356	0.3886859356
2187	0.3886826348	0.3886825972
2188	0.388678021	0.388678021
2189	0.3886734448	0.3886734448
2190	0.388668381	0.388668381
2191	0.3886618918	0.3886619293
2192	0.3886580283	0.3886579908
2193	0.3886534521	0.3886534146
2194	0.3886512765	0.388651239
2195	0.3886470004	0.3886470004
2196	0.3886439621	0.3886439621
2197	0.3886398735	0.3886398735
2198	0.3886358225	0.3886358225
2199	0.3886330092	0.3886330467
2200	0.3886289207	0.3886289582
2201	0.388624382	0.388624382
2202	0.3886217188	0.3886216813
2203	0.3886159798	0.3886159798
2204	0.3886122663	0.3886122288
2205	0.3886072025	0.388607165
2206	0.3886043142	0.3886043142
2207	0.3886007508	0.3886007508
2208	0.3885975999	0.3885976374
2209	0.3885934363	0.3885933613
2210	0.3885900605	0.3885900605
2211	0.3885881099	0.3885880724
2212	0.3885853717	0.3885854092
2213	0.3885815832	0.3885815457
2214	0.3885785449	0.3885785074
2215	0.3885770445	0.3885770445
2216	0.3885717932	0.3885717932
2217	0.3885679672	0.3885679672
2218	0.388563466	0.388563466
2219	0.3885606903	0.3885606903
2220	0.3885562641	0.3885562641
2221	0.3885526256	0.3885526631
2222	0.3885493623	0.3885494373
2223	0.3885455363	0.3885455363
2224	0.3885420854	0.3885420854
2225	0.3885364964	0.3885365339
2226	0.3885345084	0.3885345084
2227	0.3885320702	0.3885321078
2228	0.3885278316	0.3885278691
2229	0.3885228053	0.3885228053
2230	0.3885207048	0.3885206672
2231	0.3885180791	0.3885181166
2232	0.3885122275	0.3885122275
2233	0.3885091892	0.3885091892
2234	0.388504463	0.388504463
2235	0.3885016873	0.3885016498
2236	0.3884970736	0.3884971111
2237	0.3884943353	0.3884943353
2238	0.3884888964	0.3884888589
2239	0.3884866458	0.3884866833
2240	0.3884801566	0.3884801941
2241	0.3884767057	0.3884767057
2242	0.3884716044	0.3884716044
2243	0.3884677409	0.3884677784
2244	0.3884640649	0.3884640274
2245	0.3884622269	0.3884622269
2246	0.3884572381	0.3884572756
2247	0.3884534871	0.3884534496
2248	0.3884500737	0.3884500362
2249	0.3884460227	0.3884460227
2250	0.3884424967	0.3884424592
2251	0.388439871	0.388439871
2252	0.3884375829	0.3884376205
2253	0.3884336444	0.3884336069
2254	0.3884286931	0.3884286931
2255	0.3884254673	0.3884254673
2256	0.3884227666	0.3884228041
2257	0.3884192031	0.3884192406
2258	0.3884135766	0.3884135391
2259	0.388411176	0.388411176
2260	0.3884067874	0.3884068249
2261	0.3884019486	0.3884019486
2262	0.3883987603	0.3883987978
2263	0.3883957595	0.388395722
2264	0.3883922711	0.3883922711
2265	0.3883873198	0.3883873573
2266	0.3883846566	0.3883846566
2267	0.3883814307	0.3883813932
2268	0.3883767795	0.3883767795
2269	0.3883735536	0.3883735911
2270	0.3883716406	0.3883715656
2271	0.3883667644	0.3883667268
2272	0.388361588	0.388361588
2273	0.388357762	0.388357762
2274	0.3883528482	0.3883528482
2275	0.3883491722	0.3883491347
2276	0.3883450462	0.3883450462
2277	0.388342383	0.3883423454
2278	0.3883374317	0.3883374317
2279	0.3883341308	0.3883341308
2280	0.38833113	0.38833113
2281	0.3883280167	0.3883279792
2282	0.3883252034	0.3883251659
2283	0.3883230279	0.3883230279
2284	0.3883203272	0.3883202522
2285	0.3883180016	0.388317964
2286	0.3883146257	0.3883146257
2287	0.3883110997	0.3883110997
2288	0.3883088867	0.3883088867
2289	0.3883056983	0.3883056983
2290	0.3883020224	0.3883020224
2291	0.3882962083	0.3882962458
2292	0.3882908444	0.3882908819
2293	0.3882882563	0.3882882938
2294	0.388281767	0.388281767
2295	0.3882752028	0.3882752028
2296	0.3882704391	0.3882704766
2297	0.3882665381	0.3882665756
2298	0.3882618493	0.3882618493
2299	0.3882568605	0.388256898
2300	0.3882526594	0.3882526594
2301	0.3882481957	0.3882481207
2302	0.3882441072	0.3882441447
2303	0.3882398686	0.3882398686
2304	0.3882352173	0.3882352173
2305	0.3882317289	0.3882317664
2306	0.3882277154	0.3882277529
2307	0.3882219764	0.3882219013
2308	0.3882200258	0.3882199883
2309	0.3882156372	0.3882156747
2310	0.3882127114	0.3882127864
2311	0.3882088854	0.3882089229
2312	0.3882066348	0.3882066348
2313	0.3882020961	0.3882020586
2314	0.3881996205	0.388199583
2315	0.3881982701	0.3881982701
2316	0.3881921935	0.3881921935
2317	0.3881839789	0.3881839789
2318	0.3881788025	0.3881788025
2319	0.3881750891	0.3881750891
2320	0.3881723883	0.3881724259
2321	0.3881687499	0.3881687499
2322	0.3881642112	0.3881642487
2323	0.3881603852	0.3881604227
2324	0.3881565592	0.3881565592
2325	0.3881531833	0.3881531833
2326	0.38815007	0.38815007
2327	0.3881446311	0.3881445935
2328	0.38814058	0.3881405425
2329	0.3881373541	0.3881373917
2330	0.3881327404	0.3881327404
2331	0.3881279017	0.3881278642
2332	0.3881228753	0.3881228753
2333	0.3881190118	0.3881189743
2334	0.3881169113	0.3881168738
2335	0.3881128227	0.3881128602
2336	0.3881097094	0.3881097094
2337	0.3881068211	0.3881068211
2338	0.3881019824	0.3881019824
2339	0.3880993567	0.3880993567
2340	0.3880927925	0.3880927925
2341	0.3880897917	0.3880897542
2342	0.3880876911	0.3880876536
2343	0.3880848029	0.3880848029
2344	0.3880782011	0.3880782761
2345	0.3880748627	0.3880748627
2346	0.3880714494	0.3880714494
2347	0.3880690487	0.3880690862
2348	0.3880644725	0.3880644725
2349	0.3880604215	0.3880604215
2350	0.3880572706	0.3880572331
2351	0.3880500687	0.3880500312
2352	0.3880462052	0.3880462052
2353	0.3880450049	0.3880450049
2354	0.3880402412	0.3880402412
2355	0.3880352148	0.3880352524
2356	0.388032139	0.3880321015
2357	0.3880297384	0.3880297759
2358	0.3880266251	0.3880266251
2359	0.3880214862	0.3880214487
2360	0.3880173602	0.3880173602
2361	0.3880125214	0.3880125214
2362	0.388009258	0.388009258
2363	0.3880064823	0.3880064823
2364	0.388003444	0.388003444
2365	0.3880007058	0.3880007058
2366	0.3879969923	0.3879969548
2367	0.3879933539	0.3879933163
2368	0.3879910282	0.3879910282
2369	0.3879871647	0.3879871647
2370	0.3879832637	0.3879833012
2371	0.3879796253	0.3879795877
2372	0.3879754617	0.3879754617
2373	0.3879718232	0.3879718232
2374	0.3879694976	0.3879695351
2375	0.3879666468	0.3879666093
2376	0.387963496	0.387963496
2377	0.3879594074	0.387959445
2378	0.3879549438	0.3879549063
2379	0.3879499925	0.38795003
2380	0.3879467666	0.3879468041
2381	0.3879429406	0.3879429781
2382	0.387938477	0.387938477
2383	0.3879353636	0.3879353261
2384	0.3879313501	0.3879313501
2385	0.3879260237	0.3879260237
2386	0.3879227978	0.3879228353
2387	0.3879198346	0.3879197971
2388	0.3879152584	0.3879152584
2389	0.3879101945	0.387910232
2390	0.3879067811	0.3879067811
2391	0.3879037803	0.3879037803
2392	0.3879005545	0.3879005545
2393	0.3878977788	0.3878977788
2394	0.3878941028	0.3878940653
2395	0.3878922273	0.3878922648
2396	0.3878887764	0.3878887764
2397	0.3878863383	0.3878863383
2398	0.3878825123	0.3878825498
2399	0.3878784987	0.3878784987
2400	0.3878744101	0.3878743726
2401	0.3878707717	0.3878707342
2402	0.387866233	0.3878662705
2403	0.3878608691	0.3878608691
2404	0.3878561053	0.3878561053
2405	0.3878525794	0.3878525794
2406	0.3878492785	0.387849241
2407	0.3878455276	0.3878455651
2408	0.3878412514	0.3878412889
2409	0.3878366377	0.3878367127
2410	0.3878329618	0.3878329243
2411	0.3878292483	0.3878292858
2412	0.3878271477	0.3878271477
2413	0.3878224215	0.387822384
2414	0.3878190831	0.3878190831
2415	0.3878165324	0.3878165324
2416	0.3878125564	0.3878125564
2417	0.387809218	0.387809293
2418	0.3878043417	0.3878043042
2419	0.3877989028	0.3877989028
2420	0.3877949643	0.3877949268
2421	0.3877914384	0.3877914009
2422	0.3877867871	0.3877867871
2423	0.3877816858	0.3877817608
2424	0.3877776347	0.3877776347
2425	0.3877731711	0.3877731711
2426	0.3877710705	0.3877711455
2427	0.3877679947	0.3877679572
2428	0.3877651815	0.3877651815
2429	0.3877612804	0.387761318
2430	0.3877585047	0.3877584672
2431	0.3877552039	0.3877551663
2432	0.3877527657	0.3877527282
2433	0.3877495024	0.3877495399
2434	0.3877474018	0.3877474393
2435	0.3877446636	0.3877447011
2436	0.3877408751	0.3877408751
2437	0.3877368615	0.387736824
2438	0.3877343859	0.3877343859
2439	0.3877278217	0.3877277466
2440	0.3877248584	0.3877248584
2441	0.3877219701	0.3877220076
2442	0.3877185567	0.3877185567
2443	0.3877127802	0.3877128177
2444	0.3877115424	0.3877116174
2445	0.3877077164	0.3877077539
2446	0.387704378	0.387704378
2447	0.3876999143	0.3876999143
2448	0.3876977013	0.3876976638
2449	0.3876912121	0.3876912121
2450	0.3876890365	0.387689074
2451	0.3876849854	0.3876849479
2452	0.3876800341	0.3876800341
2453	0.3876754954	0.3876754954
2454	0.387672082	0.3876721195
2455	0.3876697939	0.3876697939
2456	0.387666043	0.3876660805
2457	0.3876630047	0.3876630047
2458	0.3876598538	0.3876598163
2459	0.3876550151	0.3876550526
2460	0.3876533646	0.3876532896
2461	0.3876496136	0.3876496136
2462	0.3876443998	0.3876443998
2463	0.3876389984	0.3876389984
2464	0.3876326217	0.3876325842
2465	0.3876303336	0.3876303336
2466	0.3876262075	0.3876262075
2467	0.3876211062	0.3876210686
2468	0.3876188556	0.3876188181
2469	0.3876158923	0.3876159298
2470	0.3876113536	0.3876113536
2471	0.3876092906	0.3876092906
2472	0.3876038891	0.3876039267
2473	0.3875991629	0.3875992004
2474	0.3875949243	0.3875949618
2475	0.3875907982	0.3875907607
2476	0.3875883976	0.3875883601
2477	0.3875843465	0.387584384
2478	0.3875819084	0.3875819084
2479	0.3875799579	0.3875799579
2480	0.38757857	0.3875785325
2481	0.3875743689	0.3875744064
2482	0.3875677297	0.3875676921
2483	0.3875640537	0.3875640537
2484	0.3875617281	0.3875617281
2485	0.3875584272	0.3875583897
2486	0.387553701	0.387553701
2487	0.3875524256	0.3875524256
2488	0.3875477369	0.3875477369
2489	0.3875444735	0.3875445486
2490	0.3875411352	0.3875410977
2491	0.3875382469	0.3875383219
2492	0.3875350961	0.3875350961
2493	0.3875298447	0.3875298447
2494	0.3875274816	0.3875274816
2495	0.387525231	0.3875252685
2496	0.3875223427	0.3875223052
2497	0.387519492	0.387519492
2498	0.3875146532	0.3875145407
2499	0.38751199	0.3875119525
2500	0.3875091393	0.3875091393
2501	0.3875053883	0.3875054633
2502	0.3874997993	0.3874997618
2503	0.3874959358	0.3874959733
2504	0.3874914721	0.3874914721
2505	0.387486971	0.387486971
2506	0.387481532	0.3874815695
2507	0.3874768058	0.3874768058
2508	0.3874706167	0.3874706542
2509	0.3874681785	0.3874681785
2510	0.3874627396	0.3874627396
2511	0.3874583509	0.3874583509
2512	0.3874552751	0.3874552751
2513	0.3874517867	0.3874517867
2514	0.3874491985	0.387449086
2515	0.3874455601	0.3874455226
2516	0.3874419967	0.3874421092
2517	0.3874391834	0.3874391834
2518	0.387435545	0.3874355074
2519	0.3874330318	0.3874330693
2520	0.3874314939	0.3874314939
2521	0.387427893	0.387427893
2522	0.3874249297	0.3874249297
2523	0.3874201284	0.3874202034
2524	0.387416565	0.3874166025
2525	0.3874132641	0.3874132641
2526	0.3874091755	0.387409138
2527	0.3874037366	0.3874038116
2528	0.3873991979	0.3873992354
2529	0.3873947342	0.3873947342
2530	0.3873904581	0.3873904956
2531	0.3873871197	0.3873871197
2532	0.3873829562	0.3873829186
2533	0.3873783049	0.3873783049
2534	0.3873751166	0.3873751166
2535	0.3873726409	0.3873726034
2536	0.3873693026	0.3873693026
2537	0.3873657766	0.3873657391
2538	0.3873616131	0.3873615755
2539	0.387357712	0.387357712
2540	0.3873522731	0.3873522731
2541	0.3873502101	0.3873502101
2542	0.3873451837	0.3873452213
2543	0.3873426706	0.3873427456
2544	0.3873398949	0.3873399324
2545	0.3873372317	0.3873371941
2546	0.3873334432	0.3873334432
2547	0.3873296172	0.3873296172
2548	0.3873273291	0.3873273291
2549	0.3873217776	0.3873218151
2550	0.3873197896	0.3873197521
2551	0.3873171639	0.3873171264
2552	0.3873142756	0.3873142756
2553	0.3873092118	0.3873092118
2554	0.3873035478	0.3873035478
2555	0.387298709	0.3872986715
2556	0.3872947705	0.387294733
2557	0.3872921823	0.3872922198
2558	0.3872888815	0.387288844
2559	0.3872841177	0.3872841552
2560	0.3872810044	0.3872810419
2561	0.3872761656	0.3872762406
2562	0.38727369	0.3872736525
2563	0.3872703891	0.3872703516
2564	0.3872685136	0.3872685511
2565	0.3872663005	0.387266263
2566	0.3872625871	0.3872626246
2567	0.3872611992	0.3872612367
2568	0.3872578983	0.3872578983
2569	0.3872541849	0.3872541474
2570	0.3872500963	0.3872500963
2571	0.3872459327	0.3872459327
2572	0.3872422192	0.3872422192
2573	0.3872386558	0.3872386558
2574	0.3872365927	0.3872366303
2575	0.3872346422	0.3872346047
2576	0.3872300285	0.387229991
2577	0.3872258274	0.3872258649
2578	0.3872228266	0.3872228266
2579	0.3872207261	0.3872207261
2580	0.3872120988	0.3872120988
2581	0.3872081228	0.3872081603
2582	0.3872036591	0.3872036966
2583	0.387201296	0.387201221
2584	0.3871978076	0.3871978076
2585	0.3871940191	0.3871940191
2586	0.3871896304	0.3871896679
2587	0.3871852418	0.3871852418
2588	0.3871833288	0.3871834038
2589	0.3871797653	0.3871798028
2590	0.3871752641	0.3871753017
2591	0.3871711006	0.387171063
2592	0.3871680998	0.3871680998
2593	0.3871647989	0.3871647614
2594	0.3871603352	0.3871603352
2595	0.3871583847	0.3871584222
2596	0.3871536585	0.387153696
2597	0.3871499825	0.3871499825
2598	0.3871482571	0.3871482196
2599	0.3871432307	0.3871432307
2600	0.3871406801	0.3871407176
2601	0.387136629	0.387136629
2602	0.3871322404	0.3871322028
2603	0.3871285269	0.3871285644
2604	0.387125151	0.387125076
2605	0.3871220752	0.3871220752
2606	0.3871199371	0.3871198996
2607	0.3871167488	0.3871167488
2608	0.3871118725	0.38711191
2609	0.3871090968	0.3871090968
2610	0.387104183	0.3871041455
2611	0.3870997568	0.3870997568
2612	0.3870967185	0.3870967185
2613	0.38709263	0.38709263
2614	0.3870885789	0.3870885789
2615	0.3870856906	0.3870856531
2616	0.3870819397	0.3870819772
2617	0.3870769884	0.3870769508
2618	0.3870729748	0.3870728998
2619	0.3870677984	0.387067836
2620	0.3870641975	0.38706416
2621	0.3870622845	0.3870623595
2622	0.3870585335	0.3870585335
2623	0.3870540698	0.3870540698
2624	0.3870528695	0.387052832
2625	0.387047243	0.387047243
2626	0.387043192	0.387043267
2627	0.3870398911	0.3870398911
2628	0.3870352774	0.3870352399
2629	0.387031714	0.3870317515
2630	0.3870273253	0.3870273253
2631	0.3870237619	0.3870237619
2632	0.3870210987	0.3870211737
2633	0.3870141969	0.3870142344
2634	0.3870117587	0.3870117587
2635	0.3870074826	0.3870074826
2636	0.3870028314	0.3870028314
2637	0.3869988553	0.3869988929
2638	0.3869954044	0.3869954044
2639	0.3869937915	0.3869937915
2640	0.3869908658	0.3869908658
2641	0.3869880525	0.386988015
2642	0.3869838139	0.3869837764
2643	0.3869813758	0.3869814133
2644	0.3869788626	0.3869788626
2645	0.3869755992	0.3869755992
2646	0.3869722609	0.3869722234
2647	0.3869685099	0.3869684724
2648	0.3869654716	0.3869655466
2649	0.3869606703	0.3869606703
2650	0.3869572569	0.3869572569
2651	0.3869548188	0.3869548188
2652	0.3869532809	0.3869532434
2653	0.3869502051	0.3869502051
2654	0.3869472043	0.3869472043
2655	0.3869424781	0.3869425156
2656	0.3869388021	0.3869388021
2657	0.3869362889	0.3869362889
2658	0.3869325004	0.3869325004
2659	0.3869304749	0.3869305124
2660	0.3869240232	0.3869240607
2661	0.3869211725	0.3869211725
2662	0.386917609	0.3869176465
2663	0.3869134829	0.3869135205
2664	0.3869085692	0.3869085692
2665	0.3869056434	0.3869057184
2666	0.3869007296	0.3869007296
2667	0.3868979914	0.3868980289
2668	0.3868942404	0.3868942779
2669	0.3868912021	0.3868911646
2670	0.3868875636	0.3868875636
2671	0.386885238	0.3868853131
2672	0.3868825748	0.3868825373
2673	0.3868801367	0.3868801367
2674	0.3868779236	0.3868779236
2675	0.3868725972	0.3868726347
2676	0.3868675334	0.3868675334
2677	0.3868589811	0.3868589436
2678	0.3868569181	0.3868568806
2679	0.3868514417	0.3868514417
2680	0.3868495287	0.3868495287
2681	0.3868462278	0.3868461903
2682	0.3868427019	0.3868427394
2683	0.3868385008	0.3868384633
2684	0.3868351624	0.3868351999
2685	0.3868324992	0.3868324992
2686	0.3868293484	0.3868294234
2687	0.3868264976	0.3868265726
2688	0.3868216964	0.3868217339
2689	0.3868193332	0.3868194083
2690	0.3868155447	0.3868155072
2691	0.3868129566	0.3868130316
2692	0.386808793	0.3868087555
2693	0.3868038042	0.3868037666
2694	0.3867994155	0.3867994155
2695	0.3867966398	0.3867966398
2696	0.3867927763	0.3867928138
2697	0.3867906382	0.3867906382
2698	0.3867862496	0.3867862496
2699	0.3867805105	0.386780473
2700	0.3867774722	0.3867774722
2701	0.3867755217	0.3867754842
2702	0.386772746	0.3867727835
2703	0.3867690325	0.3867691076
2704	0.3867642313	0.3867642313
